Mode,control_type,control_hour,control_hour_label,case_hour,case_hour_label,MH_numerator,MH_denominator,strata_count,min_cluster_or,max_cluster_or,MH_OR,A,B,C,D,collapsed_paired_rows,collapsed_pooled_OR,abs_pct_diff_vs_collapsed
Cars,Dark,0,00:00-00:59,5,05:00-05:59,126575.16355564915,72833.35768816403,3,1.2028580695603794,1.8469292191414026,1.7378735180324911,522544,450042,295066,451798,13542,1.7778493371389912,2.2485493158172365
Cars,Dark,0,00:00-00:59,6,06:00-06:59,160011.57632741134,77032.66883843487,3,2.007270966411221,2.656651272411497,2.077191128649741,1428083,506369,426326,320538,13542,2.1204305001637875,2.0391789078070004
Cars,Dark,0,00:00-00:59,17,17:00-17:59,94123.8896216181,73968.99888198209,3,1.1181480563637876,1.7167833955740692,1.2724775384859943,3108844,551951,611220,135644,13542,1.2499753167155316,1.800213289778403
Cars,Dark,0,00:00-00:59,18,18:00-18:59,140482.49336273942,129439.24739977543,3,1.0035612954654207,1.3564925886466588,1.0853160550976988,2089270,1074583,475850,271014,13542,1.107327932150882,1.987837244421999
Cars,Dark,0,00:00-00:59,19,19:00-19:59,139321.07336332722,142439.02497563034,3,0.8608998579011978,1.2182653972515116,0.9781102713049563,1201020,1391667,345391,401473,13542,1.0031369712992413,2.4948437462005746
Cars,Dark,0,00:00-00:59,20,20:00-20:59,116029.24146923995,114037.79919905227,3,0.8780031520638172,1.4491364715589974,1.0174630016027546,666102,1471227,226374,520490,13542,1.0409908118378226,2.260136205576177
Cars,Dark,1,01:00-01:59,5,05:00-05:59,104068.91450675916,61544.13885908336,3,1.0154153332622446,1.7523488563814706,1.690963858395085,522544,450042,221596,335810,13542,1.759549655479647,3.897917678592923
Cars,Dark,1,01:00-01:59,6,06:00-06:59,125453.30274289621,62735.12780963038,3,1.9127020218762267,2.254264156707466,1.9997297705933272,1428083,506369,321792,235614,13542,2.0649625912015206,3.1590315914748333
Cars,Dark,1,01:00-01:59,17,17:00-17:59,72471.00302976722,57777.16513366437,3,1.1966128864313255,1.7078511749788967,1.254319121786422,3108844,551951,457008,100398,13542,1.2373702335717343,1.3697507629356742
Cars,Dark,1,01:00-01:59,18,18:00-18:59,108384.38500753976,102392.21910911554,3,1.0503334138287925,1.136728088908863,1.058521691887921,2089270,1074583,357366,200040,13542,1.088324027159934,2.7383696884635023
Cars,Dark,1,01:00-01:59,19,19:00-19:59,108926.30608516265,113453.5843340777,3,0.9084622527443291,1.0993676674070367,0.9600957671325403,1201020,1391667,259037,298369,13542,0.9940467447568646,3.415430693113776
Cars,Dark,1,01:00-01:59,20,20:00-20:59,91657.07814548744,91844.53839873396,3,0.9212959455490431,1.2283836561695003,0.9979589395677217,666102,1471227,170153,387253,13542,1.0304246309956637,3.150709955037808
Cars,Dark,2,02:00-02:59,5,05:00-05:59,90840.63950641605,54870.674230201,3,1.0908211401397983,1.9440096206751771,1.6555407926155281,522544,450042,178968,270363,13542,1.7540488788805195,5.616039977623764
Cars,Dark,2,02:00-02:59,6,06:00-06:59,105315.05199577498,54425.0683633997,3,1.6901790818833218,2.4517582045212536,1.9350467562590576,1428083,506369,262223,187108,13542,2.01237036917156,3.8424146020563126
Cars,Dark,2,02:00-02:59,17,17:00-17:59,60389.33748528538,48320.69426788857,3,1.1400584146238384,1.976438461442565,1.2497613786442792,3108844,551951,368203,81128,13542,1.241028778191333,0.703658175088659
Cars,Dark,2,02:00-02:59,18,18:00-18:59,90165.21688516685,85764.04257609327,3,0.9722465510037093,1.2897385708024924,1.0513172441139145,2089270,1074583,288813,160518,13542,1.0805916435903815,2.709108445369771
Cars,Dark,2,02:00-02:59,19,19:00-19:59,91474.01175096388,95291.12671214431,3,0.9002252975098138,1.2321289934056134,0.9599425980898396,1201020,1391667,208752,240579,13542,0.9945851733166863,3.4831180029883777
Cars,Dark,2,02:00-02:59,20,20:00-20:59,77974.83718151791,76677.55053814381,3,0.9589500998877666,1.5268628230089734,1.0169187282883891,666102,1471227,135261,314070,13542,1.0512715507258859,3.267740139431781
Cars,Dark,23,23:00-23:59,5,05:00-05:59,155942.15922091794,86302.18290619706,3,1.0853784794861394,1.919402864470964,1.8069318060055632,522544,450042,402422,637561,13542,1.8395425904086882,1.772765935029525
Cars,Dark,23,23:00-23:59,6,06:00-06:59,206282.28438751952,96414.2871849254,3,2.0752300903985472,2.3898003797842042,2.139540626296007,1428083,506369,587076,452907,13542,2.175710189145079,1.6624255854261905
Cars,Dark,23,23:00-23:59,17,17:00-17:59,122877.92196139164,97214.4372009861,3,1.1262673139411126,1.5624072027785911,1.2639884105623866,3108844,551951,851835,188148,13542,1.24406345111637,1.601603152004576
Cars,Dark,23,23:00-23:59,18,18:00-18:59,185119.83260825142,166890.76724058992,3,1.036523752002926,1.1970096767432987,1.1092275245003957,2089270,1074583,658596,381387,13542,1.1259040968118723,1.481171652070386
Cars,Dark,23,23:00-23:59,19,19:00-19:59,182047.08203703474,180415.6500048142,3,0.8956024646030472,1.1061061702731945,1.0090426303492905,1201020,1391667,474736,565247,13542,1.0275453783918211,1.8006745426161783
Cars,Dark,23,23:00-23:59,20,20:00-20:59,149276.1271941695,142435.75326488607,3,0.9228367371569323,1.2502157511411265,1.0480242760156042,666102,1471227,310071,729912,13542,1.0657869664290753,1.6666267249434565
Cars,Daylight,9,09:00-09:59,5,05:00-05:59,212529.03142046207,146400.81542830888,3,0.7476142489084155,1.5388087912175643,1.451692948558303,522544,450042,1195826,1511179,13542,1.4672960129384802,1.0633889987153817
Cars,Daylight,9,09:00-09:59,6,06:00-06:59,305930.2780397313,185712.4576636746,3,1.5973059539923509,1.7978959289893743,1.6473330970277213,1428083,506369,1703303,1003702,13542,1.66187830083815,0.8752267722066562
Cars,Daylight,9,09:00-09:59,17,17:00-17:59,183134.19269996055,202018.0921081205,3,0.863034630589632,0.9189625209198066,0.9065237216573001,3108844,551951,2331845,375160,13542,0.9061816291142561,0.03775099075649285
Cars,Daylight,9,09:00-09:59,18,18:00-18:59,302293.71674960887,338480.9982482321,3,0.8756461217370874,0.9250639054781831,0.8930891787547718,2089270,1074583,1857376,849629,13542,0.8893733271777542,0.41780560125511
Cars,Daylight,9,09:00-09:59,19,19:00-19:59,303879.56662704377,356112.2556693185,3,0.8008968768561558,0.8596330678903389,0.8533252135787845,1201020,1391667,1365450,1341555,13542,0.8479057704478231,0.6391562977686946
Cars,Daylight,9,09:00-09:59,20,20:00-20:59,248941.1756134183,269991.7141275042,3,0.8810024924373674,0.9355037975322483,0.9220326498458962,666102,1471227,896345,1810660,13542,0.9145822289543515,0.8146255914094027
Cars,Daylight,10,10:00-10:59,5,05:00-05:59,211606.17390964544,151207.22007989828,3,0.7198173791259552,1.4797342911501137,1.3994449061217566,522544,450042,1276635,1553931,13542,1.413301445893413,0.9804376703865179
Cars,Daylight,10,10:00-10:59,6,06:00-06:59,304372.45819405577,191824.4050865507,3,1.537794034113932,1.7386005723338054,1.5867243693873212,1428083,506369,1806114,1024452,13542,1.5996788198208811,0.8098157125697552
Cars,Daylight,10,10:00-10:59,17,17:00-17:59,190032.32823576982,206869.61982501144,3,0.8340384538091938,0.9361862952026839,0.9186091626045235,3108844,551951,2433642,396924,13542,0.9186478709791623,0.00421362481334226
Cars,Daylight,10,10:00-10:59,18,18:00-18:59,304788.99435068073,348929.91345934296,3,0.8469546165448592,0.8993049864057244,0.8734963171513658,2089270,1074583,1956008,874558,13542,0.8693058308695579,0.48204971518667333
Cars,Daylight,10,10:00-10:59,19,19:00-19:59,303735.94978921325,371367.84681240696,3,0.7645307003724744,0.8244077137085059,0.817884349429537,1201020,1391667,1458400,1372166,13542,0.8119792084130459,0.7272527369305744
Cars,Daylight,10,10:00-10:59,20,20:00-20:59,251274.52140980502,280452.8507009754,3,0.8564494831832559,0.9097711310909644,0.8959599475696511,666102,1471227,955867,1874699,13542,0.8879635329151407,0.9005341275962719
Cars,Daylight,11,11:00-11:59,5,05:00-05:59,214115.49854280983,155418.92832676985,3,0.7093520340564721,1.431688635471309,1.3776668057614545,522544,450042,1387137,1659129,13542,1.3887709316594121,0.7995649710704659
Cars,Daylight,11,11:00-11:59,6,06:00-06:59,309734.2603214973,198901.49180103117,3,1.5184538622969042,1.669952769548973,1.557224420575668,1428083,506369,1957664,1088602,13542,1.5682572805727537,0.7035108418598455
Cars,Daylight,11,11:00-11:59,17,17:00-17:59,197437.02184779954,215564.9561171361,3,0.8465926966151064,0.931114366404277,0.9159050033184154,3108844,551951,2620052,426214,13542,0.9162546794114687,0.038163635167228586
Cars,Daylight,11,11:00-11:59,18,18:00-18:59,313405.768590817,363905.3740434858,3,0.840902964834873,0.8731803363073772,0.8612287450126139,2089270,1074583,2114541,931725,13542,0.8566950169744133,0.5292114402873936
Cars,Daylight,11,11:00-11:59,19,19:00-19:59,311286.9892494729,387771.64867282065,3,0.7546316671207632,0.8176345554186446,0.8027585057207706,1201020,1391667,1583858,1462408,13542,0.7968328356554403,0.7436528466420552
Cars,Daylight,11,11:00-11:59,20,20:00-20:59,258115.75289338882,291281.0470055328,3,0.8287179068170376,0.9100620319114101,0.8861398829306121,666102,1471227,1036041,2010225,13542,0.8784737293734656,0.8726673662300711
Cars,Daylight,12,12:00-12:59,5,05:00-05:59,221463.3568052667,153407.12495515385,3,0.7710501944362717,1.4975916309810609,1.4436314928006608,522544,450042,1426237,1786629,13542,1.4544958937865116,0.7469530187237083
Cars,Daylight,12,12:00-12:59,6,06:00-06:59,326862.12856571,199250.00719802378,3,1.5965537402319934,1.8486298456806212,1.640462317478658,1428083,506369,2026055,1186811,13542,1.6520252135148037,0.6999224915910875
Cars,Daylight,12,12:00-12:59,17,17:00-17:59,211788.51781573347,220264.9163356885,3,0.9404851570102575,0.9907089819641638,0.9615172553987819,3108844,551951,2744271,468595,13542,0.9617652015947765,0.025780325133777482
Cars,Daylight,12,12:00-12:59,18,18:00-18:59,331784.5741086374,368356.59119123506,3,0.8959911428997627,0.9233440944816487,0.9007157250415239,2089270,1074583,2199888,1012978,13542,0.8952700276879677,0.6082742843094674
Cars,Daylight,12,12:00-12:59,19,19:00-19:59,326055.10327249893,388511.2849690446,3,0.8050567980941459,0.8531903724738265,0.8392422971664212,1201020,1391667,1635447,1577419,13542,0.8323874113963153,0.8235210763948116
Cars,Daylight,12,12:00-12:59,20,20:00-20:59,267090.94902751787,289873.5255886249,3,0.8561559487767619,0.9457396157451236,0.9214051144724444,666102,1471227,1065044,2147822,13542,0.9130441696654511,0.9157218330474504
Cars,Daylight,13,13:00-13:59,5,05:00-05:59,223454.44401766945,153747.39132375072,3,0.7522955994982711,1.5157638954392292,1.4533868971287711,522544,450042,1458429,1839815,13542,1.46473373218504,0.7746687883907785
Cars,Daylight,13,13:00-13:59,6,06:00-06:59,331145.6020645549,200687.09533749177,3,1.621743617911837,1.748639473006368,1.6500592701671866,1428083,506369,2075704,1222540,13542,1.6610549297139878,0.6619684484904165
Cars,Daylight,13,13:00-13:59,17,17:00-17:59,213858.6104618488,223582.24124056217,3,0.8938468721788951,0.9764125325298242,0.9565098250882491,3108844,551951,2819205,479039,13542,0.957067614084252,0.05828104386716734
Cars,Daylight,13,13:00-13:59,18,18:00-18:59,337405.958890405,372861.64103115397,3,0.8951763129193184,0.9064501783872035,0.9049092793705041,2089270,1074583,2254106,1044138,13542,0.9006129120383908,0.4770492710779853
Cars,Daylight,13,13:00-13:59,19,19:00-19:59,331120.1728772369,392122.62719800475,3,0.7973859437739623,0.8660447736455841,0.844430160134666,1201020,1391667,1672583,1625661,13542,0.8387976771602893,0.6714948226186314
Cars,Daylight,13,13:00-13:59,20,20:00-20:59,269959.6962578658,292925.7888223227,3,0.8552394780057531,0.9485343512115021,0.921597573717256,666102,1471227,1092587,2205657,13542,0.9139932720934678,0.8319866082133025
Cars,Daylight,14,14:00-14:59,5,05:00-05:59,224166.22232367308,156518.46950433444,3,0.7423651388133129,1.4983898575272063,1.4322030047544316,522544,450042,1538968,1914598,13542,1.4445009463791272,0.8513626561147163
Cars,Daylight,14,14:00-14:59,6,06:00-06:59,331708.65756655467,205581.6671429954,3,1.5915375341765228,1.6831916118079608,1.6135128300901906,1428083,506369,2191044,1262522,13542,1.6250779390526013,0.7116648798489629
Cars,Daylight,14,14:00-14:59,17,17:00-17:59,214567.5501573808,229837.4785227269,3,0.8556988037388177,0.942085338300935,0.9335620610550855,3108844,551951,2962092,491474,13542,0.9345454124017583,0.10522242510885838
Cars,Daylight,14,14:00-14:59,18,18:00-18:59,339702.50663022505,384187.6330722392,3,0.8576636825062757,0.8905224031722686,0.8842098948207179,2089270,1074583,2376465,1077101,13542,0.8812103900642705,0.3403846334844763
Cars,Daylight,14,14:00-14:59,19,19:00-19:59,335347.0974134276,402984.4496309388,3,0.7747177551247182,0.8580634732548083,0.8321589027083931,1201020,1391667,1762610,1690956,13542,0.8279249829196402,0.5113893017000336
Cars,Daylight,14,14:00-14:59,20,20:00-20:59,273521.1646569224,300779.82399454265,3,0.8446067723927939,0.9370564780229775,0.9093733782552026,666102,1471227,1153754,2299812,13542,0.902485363314235,0.763227329878507
Cyclists,Dark,0,00:00-00:59,5,05:00-05:59,12155.20308389002,7417.149409710932,3,0.5452565274980682,3.780267611026013,1.6387971190084338,53051,58383,22534,43595,13542,1.757946116950325,6.777738907526368
Cyclists,Dark,0,00:00-00:59,6,06:00-06:59,16950.35088371203,7441.287926742762,3,0.9735939563160313,5.162138867683083,2.277878648236952,192960,64350,34990,31139,13542,2.668575277252024,14.640644854410612
Cyclists,Dark,0,00:00-00:59,17,17:00-17:59,12318.12013551584,6564.023642032953,3,1.3823947647718344,2.0869257981841467,1.8766111774240808,483330,81538,48593,17536,13542,2.139146470845627,12.272899354935868
Cyclists,Dark,0,00:00-00:59,18,18:00-18:59,15062.696645982445,10829.745845929838,3,0.8763081125014958,1.5865367131360821,1.390863355453821,253845,139233,36381,29748,13542,1.4907663226628425,6.701450501683752
Cyclists,Dark,0,00:00-00:59,19,19:00-19:59,14294.199218279922,10390.528852075746,3,0.8955407511530739,1.6047416856260972,1.3756950605477558,136791,147848,25361,40768,13542,1.4872880985720356,7.503121831703064
Cyclists,Dark,0,00:00-00:59,20,20:00-20:59,11156.697170903462,8779.074021311768,3,0.7296132602821797,1.468205844193916,1.2708284659429445,72715,148139,17540,48589,13542,1.3597622242255156,6.540390422540633
Cyclists,Dark,1,01:00-01:59,5,05:00-05:59,9790.419147294077,6730.6732061186585,3,0.5968547621129062,3.0880770100456836,1.4545973110674038,53051,58383,19049,35098,13542,1.6742386179570847,13.118877114284256
Cyclists,Dark,1,01:00-01:59,6,06:00-06:59,14002.36060352743,6269.68165323508,3,1.0256688675235643,4.193360823768338,2.2333447498568204,192960,64350,28242,25905,13542,2.750469840335977,18.801336516963534
Cyclists,Dark,1,01:00-01:59,17,17:00-17:59,11200.202991394362,5316.605974540629,3,1.4691235574991688,2.428290688548562,2.1066453005972456,483330,81538,38350,15797,13542,2.441703622690863,13.722317441801904
Cyclists,Dark,1,01:00-01:59,18,18:00-18:59,12607.461233860924,8954.848879370335,3,0.9225757580735031,1.6889356294021622,1.4078921267900857,253845,139233,29371,24776,13542,1.5379382264964705,8.455872769522012
Cyclists,Dark,1,01:00-01:59,19,19:00-19:59,11635.062365918668,8870.264382550544,3,1.0242181817760854,1.4281749004934314,1.3116928497426392,136791,147848,21030,33117,13542,1.4569806560402112,9.971841815143645
Cyclists,Dark,1,01:00-01:59,20,20:00-20:59,9193.413268230515,7428.789591910663,3,0.760425211807061,1.4861566829769166,1.2375385188242702,72715,148139,14330,39817,13542,1.3638824609317228,9.263550615728423
Cyclists,Dark,2,02:00-02:59,5,05:00-05:59,9652.54535526103,6239.337549155552,3,0.5959471187061042,2.9152583316825402,1.5470465060135885,53051,58383,17568,35564,13542,1.8394815918948384,15.897690260657315
Cyclists,Dark,2,02:00-02:59,6,06:00-06:59,14044.52912050266,5939.715056828892,3,1.1949995606056092,3.897487410339316,2.3645122680345243,192960,64350,26519,26613,13542,3.009230326218115,21.424683001711188
Cyclists,Dark,2,02:00-02:59,17,17:00-17:59,11814.035868471092,5058.605854310377,3,1.7594471821662938,2.625931018002529,2.335433162558644,483330,81538,36303,16829,13542,2.7478909417567614,15.009976303296375
Cyclists,Dark,2,02:00-02:59,18,18:00-18:59,12854.680330569361,8362.779696445727,3,1.0300677415709814,1.8511163344562938,1.5371300927647544,253845,139233,27546,25586,13542,1.6934418375427285,9.230417089776786
Cyclists,Dark,2,02:00-02:59,19,19:00-19:59,11639.201297767584,8157.772347820827,3,1.0553061564962678,1.618143331843227,1.426762209278409,136791,147848,19453,33679,13542,1.6018235395303801,10.92887736581118
Cyclists,Dark,2,02:00-02:59,20,20:00-20:59,9160.648603187377,6593.095306557699,3,0.7505097822021686,1.8246492234224627,1.3894306357251534,72715,148139,12779,40353,13542,1.5500066344410235,10.35969751018378
Cyclists,Dark,23,23:00-23:59,5,05:00-05:59,15685.812212691268,9330.583658402698,3,0.5221668759871251,3.9518067779077333,1.6811180079356192,53051,58383,33571,62579,13542,1.693836582186614,0.7508737492595686
Cyclists,Dark,23,23:00-23:59,6,06:00-06:59,23429.340220040325,9683.181995031464,3,0.9965574975596698,5.3259609365496114,2.4195910220484063,192960,64350,51009,45141,13542,2.653646723799029,8.820153023818577
Cyclists,Dark,23,23:00-23:59,17,17:00-17:59,15072.81901220607,9385.465147936984,3,1.4745857560392397,1.6362625280711887,1.6059746400015789,483330,81538,73906,22244,13542,1.7840905235815663,9.983567606335319
Cyclists,Dark,23,23:00-23:59,18,18:00-18:59,19981.1748592246,15450.746692440542,3,0.842257134931811,1.4789754048025898,1.2932174254724098,253845,139233,55163,40987,13542,1.3546424708056526,4.534410123485291
Cyclists,Dark,23,23:00-23:59,19,19:00-19:59,19357.37948615769,14618.940972385499,3,0.8911360339890898,1.6396469551322392,1.3241300804704361,136791,147848,38421,57729,13542,1.3901684910254908,4.750388962300524
Cyclists,Dark,23,23:00-23:59,20,20:00-20:59,15249.823486073945,11896.992300680322,3,0.6968002127784901,1.5805936642391432,1.2818217496199953,72715,148139,25915,70235,13542,1.3303226131265278,3.6457971192826397
Cyclists,Daylight,9,09:00-09:59,5,05:00-05:59,23518.34524299595,13798.28645089763,3,0.5577558446300486,4.1286473240708155,1.7044395568020179,53051,58383,99877,186499,13542,1.6967512811770535,0.4531174197570601
Cyclists,Daylight,9,09:00-09:59,6,06:00-06:59,47716.91491723828,16810.43911345686,3,1.1723130090641938,5.1865287706703205,2.838528761514549,192960,64350,148460,137916,13542,2.785633237838518,1.8988689163213248
Cyclists,Daylight,9,09:00-09:59,17,17:00-17:59,27564.721862706396,22655.399465501203,3,0.8183477046459545,1.4337524287100547,1.216695468322274,483330,81538,237850,48526,13542,1.2093584287521293,0.6066885875774093
Cyclists,Daylight,9,09:00-09:59,18,18:00-18:59,43362.11679249239,34809.968752172266,3,0.777613122568462,1.4673130566629156,1.2456810030829513,253845,139233,170196,116180,13542,1.244538843189906,0.09177374408963633
Cyclists,Daylight,9,09:00-09:59,19,19:00-19:59,40845.135072804245,29952.568970278437,3,0.8825009703421348,1.7325717358276442,1.3636604964780816,136791,147848,115811,170565,13542,1.36264327544953,0.0746505741362245
Cyclists,Daylight,9,09:00-09:59,20,20:00-20:59,29929.75772186958,22178.97656547121,3,0.743593107829077,1.7082195135548135,1.349465230441004,72715,148139,76558,209818,13542,1.3452616550648568,0.3124726970638636
Cyclists,Daylight,10,10:00-10:59,5,05:00-05:59,18400.88542177969,16114.256286482603,3,0.41047971199100053,2.401916267337371,1.1419010033503736,53051,58383,100770,119128,13542,1.0742114058763437,6.301329245225117
Cyclists,Daylight,10,10:00-10:59,6,06:00-06:59,32216.354889057835,17841.42779218925,3,0.8546736128604411,2.977596144441855,1.805704972959672,192960,64350,139148,80750,13542,1.740140447128681,3.767772074902097
Cyclists,Daylight,10,10:00-10:59,17,17:00-17:59,17305.738358847808,19979.972662884335,3,0.641503269430576,0.9905984913869972,0.8661542561064577,483330,81538,191710,28188,13542,0.8715718466976751,0.6215885255752871
Cyclists,Daylight,10,10:00-10:59,18,18:00-18:59,28770.872296848403,34171.975022747545,3,0.5983145242208724,0.9303283227831595,0.8419435012959133,253845,139233,150426,69472,13542,0.8420023957282939,0.00699456826719196
Cyclists,Daylight,10,10:00-10:59,19,19:00-19:59,28901.79753656364,33187.06018144303,3,0.661322975314718,1.0225322331885982,0.8708754972133563,136791,147848,113551,106347,13542,0.8665155292847112,0.5031609684184402
Cyclists,Daylight,10,10:00-10:59,20,20:00-20:59,23570.85249258063,25703.923254340938,3,0.5754301544709859,1.0522018179707786,0.9170138059994407,72715,148139,77383,142515,13542,0.904002464421799,1.4393037729121447
Cyclists,Daylight,11,11:00-11:59,5,05:00-05:59,17765.00154187119,17911.45459116914,3,0.4004755424465524,1.9900837092666148,0.9918234977202718,53051,58383,122506,124491,13542,0.9233955197883952,7.410473244180081
Cyclists,Daylight,11,11:00-11:59,6,06:00-06:59,30178.621962178822,20113.158934462455,3,0.8218371342305556,2.395745035238305,1.5004416790278239,192960,64350,166833,80164,13542,1.4408413354521081,4.136495956163995
Cyclists,Daylight,11,11:00-11:59,17,17:00-17:59,16557.370493900584,22029.109499251135,3,0.6397584473743576,0.8302700376135838,0.7516132458492564,483330,81538,219074,27923,13542,0.7555356059546681,0.5191496038701627
Cyclists,Daylight,11,11:00-11:59,18,18:00-18:59,27797.740009983307,38395.94034462076,3,0.5837693168508837,0.776509717159284,0.7239760183104365,253845,139233,176857,70140,13542,0.7230526803206918,0.12769996085694896
Cyclists,Daylight,11,11:00-11:59,19,19:00-19:59,28326.007894870367,37878.971072337146,3,0.636709249921058,0.8434545023956481,0.7478029918177209,136791,147848,137053,109944,13542,0.7422070196456296,0.7539637896126494
Cyclists,Daylight,11,11:00-11:59,20,20:00-20:59,23806.17966469295,29266.303242543545,3,0.5603948609216652,0.9075430654497028,0.8134330963292559,72715,148139,94010,152987,13542,0.7987945176553937,1.8325837684551312
Cyclists,Daylight,12,12:00-12:59,5,05:00-05:59,19271.290549205747,17657.152847403097,3,0.41759600985227613,2.3297320315210186,1.0914155139139523,53051,58383,127295,145274,13542,1.0370118438059661,5.2461956372954965
Cyclists,Daylight,12,12:00-12:59,6,06:00-06:59,34841.97643736828,20169.749121012046,3,0.8946856128219554,2.8589924152239687,1.7274372739257602,192960,64350,175249,97320,13542,1.665195739273185,3.7377908905617256
Cyclists,Daylight,12,12:00-12:59,17,17:00-17:59,19437.761228269836,23251.947888436807,3,0.6903935926668598,0.950664999971927,0.8359627039219539,483330,81538,238824,33745,13542,0.8375585227064778,0.19053221252732877
Cyclists,Daylight,12,12:00-12:59,18,18:00-18:59,32015.602947467785,39344.9676793635,3,0.6391305379958024,0.8974605042299246,0.8137153195390782,253845,139233,188623,83946,13542,0.8113939996902214,0.28609033955673785
Cyclists,Daylight,12,12:00-12:59,19,19:00-19:59,31710.807071939984,37882.68081430918,3,0.6683057721559179,0.980431877550406,0.8370792771340045,136791,147848,143611,128958,13542,0.8308117942441299,0.7543805869507187
Cyclists,Daylight,12,12:00-12:59,20,20:00-20:59,25834.32209685345,28737.780591791052,3,0.574179346013844,1.0390143499958082,0.8989671980526265,72715,148139,97260,175309,13542,0.8847580993817321,1.6059868432765603
Cyclists,Daylight,13,13:00-13:59,5,05:00-05:59,19939.093291445155,17802.179086918775,3,0.424407093856241,2.513101680752685,1.1200366648427038,53051,58383,127927,152556,13542,1.083613095660548,3.361307585522734
Cyclists,Daylight,13,13:00-13:59,6,06:00-06:59,36835.489062797256,20355.575507136044,3,0.9040253220855949,3.137951980741327,1.8096019466451854,192960,64350,176518,103965,13542,1.766106541007673,2.4627849242150184
Cyclists,Daylight,13,13:00-13:59,17,17:00-17:59,20809.88177387684,23632.900251418698,3,0.6999572211303557,1.0339956088418498,0.8805470996996118,483330,81538,243997,36486,13542,0.886391259376185,0.6593205443706878
Cyclists,Daylight,13,13:00-13:59,18,18:00-18:59,34019.383698795515,39279.85022265276,3,0.6477798220285454,0.970421343534959,0.866077225497581,253845,139233,190284,90199,13542,0.8642231252472723,0.21453953222765781
Cyclists,Daylight,13,13:00-13:59,19,19:00-19:59,33166.53018342788,37510.11708784408,3,0.6794587573191386,1.068246827629354,0.8842022568406294,136791,147848,143814,136669,13542,0.8792470529888247,0.5635735525027324
Cyclists,Daylight,13,13:00-13:59,20,20:00-20:59,26528.66511918701,28567.464277457875,3,0.5940577798459014,1.111370064580253,0.9286321271475405,72715,148139,97848,182635,13542,0.9161923381909031,1.3577704634815901
Cyclists,Daylight,14,14:00-14:59,5,05:00-05:59,19833.27237354415,19592.196542696234,3,0.3598933940764522,2.2465180916164518,1.0123046862215035,53051,58383,152100,164146,13542,0.9806369591681451,3.2293018081045526
Cyclists,Daylight,14,14:00-14:59,6,06:00-06:59,35510.448974550614,22902.30174055136,3,0.7116445263632412,2.6958765438337084,1.550518780899407,192960,64350,209795,106451,13542,1.5215048856384359,1.9069209395799358
Cyclists,Daylight,14,14:00-14:59,17,17:00-17:59,20214.89831399785,26023.724600182755,3,0.5581389101617855,0.9202334801608119,0.7767872825497129,483330,81538,279234,37012,13542,0.7857021717788477,1.1346397591025295
Cyclists,Daylight,14,14:00-14:59,18,18:00-18:59,33589.89333691095,43680.906433123906,3,0.5296578681783618,0.8731463330288283,0.7689834318877469,253845,139233,222462,93784,13542,0.7685981721759823,0.0501249841219252
Cyclists,Daylight,14,14:00-14:59,19,19:00-19:59,33318.56799392233,41827.70079201374,3,0.5735033973221645,0.9532147333106731,0.7965670443995363,136791,147848,170200,146046,13542,0.7939116618865604,0.33446825893273535
Cyclists,Daylight,14,14:00-14:59,20,20:00-20:59,27055.479078801447,31983.046750810063,3,0.5147827358783762,1.0092336719106902,0.8459318866523041,72715,148139,116911,199335,13542,0.8369177619373721,1.07706218279623
Pedestrians,Dark,0,00:00-00:59,5,05:00-05:59,40322.56051545589,12561.64888198002,3,2.358875671748119,5.432631676294774,3.2099735388478603,124994,84927,65715,134441,13542,3.0109989577354725,6.608258053401439
Pedestrians,Dark,0,00:00-00:59,6,06:00-06:59,57993.09251544604,13892.235635053492,3,3.8680173333148775,4.3677735027175695,4.174496750480691,462758,110987,103125,97031,13542,3.923090877790467,6.4083621950613345
Pedestrians,Dark,0,00:00-00:59,17,17:00-17:59,33736.71525658617,17679.297410935054,3,1.391812489645849,3.348339345983321,1.9082610848391701,2156486,295902,158596,41560,13542,1.9097743308136745,0.07923689988333268
Pedestrians,Dark,0,00:00-00:59,18,18:00-18:59,52191.52018105368,32637.770377795663,3,1.3380137255789908,2.3550909312568256,1.599114142201342,1249607,564360,115934,84222,13542,1.6085403312847852,0.5860088740152587
Pedestrians,Dark,0,00:00-00:59,19,19:00-19:59,54819.93049237996,32625.93777174364,3,1.4943674710350783,2.051656400948081,1.680256085691955,678415,622258,78485,121671,13542,1.6901504596311743,0.5854137945433787
Pedestrians,Dark,0,00:00-00:59,20,20:00-20:59,45139.1980375366,26424.760666585746,3,1.521466331455035,2.834002700237002,1.708215964832357,342378,587022,50919,149237,13542,1.7094173876608658,0.07028259085119545
Pedestrians,Dark,1,01:00-01:59,5,05:00-05:59,34042.71364907631,10897.919606454368,3,2.3535938013331306,5.912569200362431,3.1237809488805683,124994,84927,48419,97033,13542,2.94949066746274,5.909165380331889
Pedestrians,Dark,1,01:00-01:59,6,06:00-06:59,44487.4302064113,11177.965489814293,3,3.3562509335446324,4.088344362473282,3.979921949745384,462758,110987,76211,69241,13542,3.7881528492219645,5.062337982555441
Pedestrians,Dark,1,01:00-01:59,17,17:00-17:59,25850.167610929762,12986.676113846659,3,1.0184767958674645,3.7828783969338526,1.9905145384635254,2156486,295902,114172,31280,13542,1.996668093462676,0.30819118206465795
Pedestrians,Dark,1,01:00-01:59,18,18:00-18:59,39067.03159243576,24297.696084780124,3,1.0797707254482802,2.5137016788576183,1.6078492156672588,1249607,564360,84144,61308,13542,1.613285460549455,0.3369673263121587
Pedestrians,Dark,1,01:00-01:59,19,19:00-19:59,41181.69393633128,24806.68219997332,3,1.410098684422722,2.094138137527602,1.6601048703068768,678415,622258,57554,87898,13542,1.6650544258911353,0.29726088873097783
Pedestrians,Dark,1,01:00-01:59,20,20:00-20:59,34420.753172119155,20356.700680658138,3,1.4536875384966312,3.1288926058780353,1.6908807430087747,342378,587022,37390,108062,13542,1.685656225844585,0.30993965934969253
Pedestrians,Dark,2,02:00-02:59,5,05:00-05:59,30076.34987098336,9521.065809797163,3,2.2609981882070547,5.985922853387597,3.1589267915817447,124994,84927,37495,77927,13542,3.0588486055639796,3.2717600287809283
Pedestrians,Dark,2,02:00-02:59,6,06:00-06:59,37757.82946573026,9166.745326828992,3,2.6482258556792417,4.292217670142934,4.119000596124177,462758,110987,58855,56567,13542,4.007389959010322,2.7851204463620354
Pedestrians,Dark,2,02:00-02:59,17,17:00-17:59,21454.179527153563,10302.60246495095,3,0.6848353906530045,3.9479383323374777,2.0824038974752987,2156486,295902,89681,25741,13542,2.091817128348857,0.45000257173477554
Pedestrians,Dark,2,02:00-02:59,18,18:00-18:59,32216.93253323796,19134.362472158555,3,0.8444599195460272,2.53193782007975,1.6837212413068117,1249607,564360,65591,49831,13542,1.6821804251584493,0.09159636655605412
Pedestrians,Dark,2,02:00-02:59,19,19:00-19:59,33836.49758192559,19554.373815398685,3,1.5440441733630992,2.011328817549038,1.7303800112115726,678415,622258,44682,70740,13542,1.7260660250913982,0.24993169771393794
Pedestrians,Dark,2,02:00-02:59,20,20:00-20:59,28145.35424819956,16392.904543769106,3,1.612678370026386,3.10019536141765,1.7169229634108258,342378,587022,29523,85899,13542,1.6969892625679253,1.174650970551011
Pedestrians,Dark,23,23:00-23:59,5,05:00-05:59,48887.30656148296,15516.826064120285,3,2.3978605603228376,3.816161598735768,3.1505996367725886,124994,84927,108567,216620,13542,2.9365952871454444,7.287498912905016
Pedestrians,Dark,23,23:00-23:59,6,06:00-06:59,80836.6254068345,18953.838944018695,3,3.808716321006837,4.627659164531142,4.26492098226576,462758,110987,167101,158086,13542,3.944538368685628,8.122182715309425
Pedestrians,Dark,23,23:00-23:59,17,17:00-17:59,47899.17063468395,28066.179264656414,3,1.3320889761906174,2.8566420195448665,1.7066509189942503,2156486,295902,263561,61626,13542,1.704047024924829,0.15280646785766747
Pedestrians,Dark,23,23:00-23:59,18,18:00-18:59,78425.36713650712,50524.86557751556,3,1.3364795664090707,2.220010150651915,1.5522132763754888,1249607,564360,190676,134511,13542,1.5619926761453555,0.626084867055849
Pedestrians,Dark,23,23:00-23:59,19,19:00-19:59,80708.59484912507,50039.32886576389,3,1.4768924796764031,1.9721079492387152,1.6129032238948353,678415,622258,130570,194617,13542,1.6250335155928712,0.7464640933027373
Pedestrians,Dark,23,23:00-23:59,20,20:00-20:59,65233.25955938743,39747.12484920474,3,1.5033278119862128,1.9511011236842821,1.6412070006792447,342378,587022,84995,240192,13542,1.6482255159330341,0.4258225094771884
Pedestrians,Daylight,9,09:00-09:59,5,05:00-05:59,63669.54046583505,30697.941124352616,3,1.4176903681310384,3.269239501094298,2.0740654953997892,124994,84927,660830,948897,13542,2.1133562190308925,1.859162372972815
Pedestrians,Daylight,9,09:00-09:59,6,06:00-06:59,134639.2192091407,47827.46512451909,3,1.9127083736925228,3.768921108987144,2.8151025537022476,462758,110987,966987,642740,13542,2.7713827907437687,1.5775432792792088
Pedestrians,Daylight,9,09:00-09:59,17,17:00-17:59,115616.27139299826,101351.37939712529,3,0.9603204215268855,1.255897355876132,1.1407468954120366,2156486,295902,1391974,217753,13542,1.1400706520729262,0.059315915016384384
Pedestrians,Daylight,9,09:00-09:59,18,18:00-18:59,201084.8119404749,174028.3225732365,3,1.0379456316622866,1.1781595851098272,1.155471758660732,1249607,564360,1057807,551920,13542,1.155279108587462,0.01667563031633115
Pedestrians,Daylight,9,09:00-09:59,19,19:00-19:59,198514.3600136493,160845.12897981348,3,1.0711715288413153,1.3311275145050097,1.2341956593448546,678415,622258,754708,855019,13542,1.2351558652383476,0.07773965379727221
Pedestrians,Daylight,9,09:00-09:59,20,20:00-20:59,149020.1228353117,115838.55228233074,3,1.1082547435147343,1.3661210780242785,1.2864466958470608,342378,587022,502968,1106759,13542,1.2834063392579598,0.23689742648917736
Pedestrians,Daylight,10,10:00-10:59,5,05:00-05:59,61414.689278595935,33011.36473556458,3,1.3248039800233269,2.745006287298806,1.8604104910703785,124994,84927,799794,1013554,13542,1.8651429945985163,0.2537340859035053
Pedestrians,Daylight,10,10:00-10:59,6,06:00-06:59,128222.19431488769,51441.34842319938,3,1.7746240142506589,3.1767015453358365,2.4925900709293938,462758,110987,1143428,669920,13542,2.4428451798232294,2.036350543908153
Pedestrians,Daylight,10,10:00-10:59,17,17:00-17:59,114184.60323045129,109668.95223628756,3,0.9828569602264092,1.1823007361566031,1.0411752907462313,2156486,295902,1586391,226957,13542,1.0426344903502347,0.13995313002865084
Pedestrians,Daylight,10,10:00-10:59,18,18:00-18:59,198867.08225271752,191137.03109891387,3,1.013625520618854,1.0938635712374976,1.0404424569606467,1249607,564360,1235004,578344,13542,1.0368957507498107,0.34205041425537247
Pedestrians,Daylight,10,10:00-10:59,19,19:00-19:59,196474.81926971307,180452.90349793577,3,1.059123668997278,1.1114828015784104,1.0887872428827974,678415,622258,909285,904063,13542,1.0839858714207598,0.4429367198065564
Pedestrians,Daylight,10,10:00-10:59,20,20:00-20:59,150546.88771022522,128680.30178753736,3,1.1061266706974113,1.1807049771357165,1.1699295511351173,342378,587022,605719,1207629,13542,1.162823526347885,0.6111008786991463
Pedestrians,Daylight,11,11:00-11:59,5,05:00-05:59,59722.309872277,35533.22861457498,3,1.3073960058813432,2.172390934831438,1.6807453811776476,124994,84927,1143377,1280244,13542,1.6479600550520035,1.9894490782793595
Pedestrians,Daylight,11,11:00-11:59,6,06:00-06:59,124310.77030965715,56878.086147370734,3,1.7618872169751514,3.4386861693661293,2.1855652805821846,462758,110987,1605006,818615,13542,2.1265953548058927,2.7729735063619776
Pedestrians,Daylight,11,11:00-11:59,17,17:00-17:59,121440.32544090904,129995.79120148209,3,0.7966109965596985,1.157371837204649,0.9341865941850936,2156486,295902,2147300,276321,13542,0.9378209069650096,0.3875273789403365
Pedestrians,Daylight,11,11:00-11:59,18,18:00-18:59,210129.4075327912,226941.44901246525,3,0.8139808967052418,1.1375503193249021,0.9259190352717341,1249607,564360,1708909,714712,13542,0.9260391795325107,0.01297399326421672
Pedestrians,Daylight,11,11:00-11:59,19,19:00-19:59,205718.28080178774,214675.78573191134,3,0.885287379356299,1.1281414421210345,0.9582742650756627,678415,622258,1289359,1134262,13542,0.9591012997034846,0.08623016443388619
Pedestrians,Daylight,11,11:00-11:59,20,20:00-20:59,158514.51970111078,151502.788401867,3,0.9701564015463924,1.1699010461755324,1.0462812029613926,342378,587022,867128,1556493,13542,1.0469246724640717,0.061462827231365175
Pedestrians,Daylight,12,12:00-12:59,5,05:00-05:59,65876.46184304713,32703.602865733636,3,1.4701149847089938,2.8321314834997287,2.0143487588662756,124994,84927,1200852,1658247,13542,2.0323716012185273,0.8867887320136705
Pedestrians,Daylight,12,12:00-12:59,6,06:00-06:59,149023.4882028173,53954.905248032606,3,2.027366946140347,4.008375258345467,2.7620007396500705,462758,110987,1729663,1129436,13542,2.722588175932467,1.447613857505467
Pedestrians,Daylight,12,12:00-12:59,17,17:00-17:59,156703.16912076747,137306.79542869,3,1.0461800956822398,1.3001464223544974,1.141263028035279,2156486,295902,2471694,387405,13542,1.1422712884482484,0.08826803432477333
Pedestrians,Daylight,12,12:00-12:59,18,18:00-18:59,258251.8189691074,227055.05758670715,3,1.0646205163140603,1.3088943883346456,1.137397341922176,1249607,564360,1887221,971878,13542,1.1402661062125452,0.25158726324840625
Pedestrians,Daylight,12,12:00-12:59,19,19:00-19:59,240585.37915678005,204366.36050074705,3,1.1536944156160578,1.2958274559816925,1.1772259317398786,678415,622258,1371036,1488063,13542,1.1833069432971937,0.5138997613223529
Pedestrians,Daylight,12,12:00-12:59,20,20:00-20:59,175671.67169488402,140123.67676795262,3,1.2118866285616756,1.3387828876389962,1.2536901382183918,342378,587022,906090,1953009,13542,1.2571421278874315,0.2745902465969069
Pedestrians,Daylight,13,13:00-13:59,5,05:00-05:59,70009.38452782307,30088.228199472727,3,1.5479363321982655,3.723998656069438,2.326803162475636,124994,84927,986700,1637235,13542,2.4421327922200944,4.722496258674553
Pedestrians,Daylight,13,13:00-13:59,6,06:00-06:59,165275.06276915738,49553.77952602465,3,2.1592174891465246,4.541337327516399,3.3352665397067423,462758,110987,1453358,1170577,13542,3.3582204662404207,0.6835145805473493
Pedestrians,Daylight,13,13:00-13:59,17,17:00-17:59,174019.51236254926,128546.695535836,3,1.339973281666461,1.3888073157597216,1.353745513544034,2156486,295902,2212376,411559,13542,1.355725944483427,0.14607900272556607
Pedestrians,Daylight,13,13:00-13:59,18,18:00-18:59,280216.0795924557,205239.16664674878,3,1.302813295074499,1.4223411391034695,1.3653148381505293,1249607,564360,1621644,1002291,13542,1.368533823986134,0.23521419633083643
Pedestrians,Daylight,13,13:00-13:59,19,19:00-19:59,254260.64221807587,179991.4126735653,3,1.238956730399735,1.508628990331323,1.412626516128332,678415,622258,1140412,1483523,13542,1.4182652377650702,0.3975787805124366
Pedestrians,Daylight,13,13:00-13:59,20,20:00-20:59,180651.7724635229,121779.90183188819,3,1.3595185521456845,1.5603529286099718,1.4834284618894196,342378,587022,740165,1883770,13542,1.484399516856877,0.06541735943930228
Pedestrians,Daylight,14,14:00-14:59,5,05:00-05:59,65218.1664270276,33937.884077786286,3,1.2689156959095478,3.0791079773526886,1.9216921796758273,124994,84927,1084444,1477465,13542,2.0051804170797776,4.1636272074478695
Pedestrians,Daylight,14,14:00-14:59,6,06:00-06:59,144110.4904708733,55367.72156940336,3,1.6233853559498967,3.8783637554313586,2.602788888291699,462758,110987,1568054,993855,13542,2.642675480587659,1.5093261578637052
Pedestrians,Daylight,14,14:00-14:59,17,17:00-17:59,149257.80741673746,129400.520955768,3,1.0813594587707778,1.2272498703384944,1.1534560009055679,2156486,295902,2211598,350311,13542,1.154373447247108,0.0794756968577291
Pedestrians,Daylight,14,14:00-14:59,18,18:00-18:59,246696.30121226425,216448.75930945243,3,1.0379479432297596,1.286709962458054,1.1397445843501806,1249607,564360,1694810,867099,13542,1.1328303924537946,0.6103466099112443
Pedestrians,Daylight,14,14:00-14:59,19,19:00-19:59,232773.52459488838,196497.6642237863,3,1.029176817275903,1.2927670624842076,1.1846121709100228,678415,622258,1233737,1328172,13542,1.1736988629609617,0.9298218046773449
Pedestrians,Daylight,14,14:00-14:59,20,20:00-20:59,170451.96357345808,135894.4588010699,3,1.1141936861663273,1.3300977636040248,1.2542966437135983,342378,587022,820716,1741193,13542,1.2373868185144596,1.3665755078464201
