Cluster,Mode,control_type,control_hour,control_hour_label,case_hour,case_hour_label,A,B,C,D,R_odds,paired_rows
Central,Pedestrians,Dark,23,23:00-23:59,5,05:00-05:59,69957,33478,72333,140577,4.061154065041839,4026
Central,Pedestrians,Dark,23,23:00-23:59,6,06:00-06:59,283143,64430,112879,100031,3.894387432097116,4026
Central,Pedestrians,Dark,23,23:00-23:59,17,17:00-17:59,1388921,190744,180120,32790,1.3255805921568085,4026
Central,Pedestrians,Dark,23,23:00-23:59,18,18:00-18:59,757905,365520,129858,83052,1.3261266799462905,4026
Central,Pedestrians,Dark,23,23:00-23:59,19,19:00-19:59,396979,406728,86757,126153,1.419242209669714,4026
Central,Pedestrians,Dark,23,23:00-23:59,20,20:00-20:59,198010,382744,56341,156569,1.437672478877044,4026
Central,Pedestrians,Dark,0,00:00-00:59,5,05:00-05:59,69957,33478,42422,81993,4.0388461432527665,4026
Central,Pedestrians,Dark,0,00:00-00:59,6,06:00-06:59,283143,64430,67022,57393,3.763216817439219,4026
Central,Pedestrians,Dark,0,00:00-00:59,17,17:00-17:59,1388921,190744,104450,19965,1.3918342802958747,4026
Central,Pedestrians,Dark,0,00:00-00:59,18,18:00-18:59,757905,365520,75829,48586,1.3285547125172437,4026
Central,Pedestrians,Dark,0,00:00-00:59,19,19:00-19:59,396979,406728,50467,73948,1.430152685087459,4026
Central,Pedestrians,Dark,0,00:00-00:59,20,20:00-20:59,198010,382744,32684,91731,1.4519767379549766,4026
Central,Pedestrians,Dark,1,01:00-01:59,5,05:00-05:59,69957,33478,29498,54129,3.834503201187748,4026
Central,Pedestrians,Dark,1,01:00-01:59,6,06:00-06:59,283143,64430,46940,36687,3.434684200627672,4026
Central,Pedestrians,Dark,1,01:00-01:59,17,17:00-17:59,1388921,190744,71084,12543,1.2848612238615218,4026
Central,Pedestrians,Dark,1,01:00-01:59,18,18:00-18:59,757905,365520,51922,31705,1.2661348763068476,4026
Central,Pedestrians,Dark,1,01:00-01:59,19,19:00-19:59,396979,406728,35074,48553,1.3511209682456142,4026
Central,Pedestrians,Dark,1,01:00-01:59,20,20:00-20:59,198010,382744,22803,60824,1.3799448267550944,4026
Central,Pedestrians,Dark,2,02:00-02:59,5,05:00-05:59,69957,33478,20340,40711,4.182466718336058,4026
Central,Pedestrians,Dark,2,02:00-02:59,6,06:00-06:59,283143,64430,33204,27847,3.685578854429477,4026
Central,Pedestrians,Dark,2,02:00-02:59,17,17:00-17:59,1388921,190744,52081,8970,1.2541220022223254,4026
Central,Pedestrians,Dark,2,02:00-02:59,18,18:00-18:59,757905,365520,37074,23977,1.3410007625341505,4026
Central,Pedestrians,Dark,2,02:00-02:59,19,19:00-19:59,396979,406728,24306,36745,1.4755305997303538,4026
Central,Pedestrians,Dark,2,02:00-02:59,20,20:00-20:59,198010,382744,15462,45589,1.5253627254564044,4026
Central,Pedestrians,Daylight,9,09:00-09:59,5,05:00-05:59,69957,33478,398592,673999,3.533477631797953,4026
Central,Pedestrians,Daylight,9,09:00-09:59,6,06:00-06:59,283143,64430,611665,460926,3.3115801749193516,4026
Central,Pedestrians,Daylight,9,09:00-09:59,17,17:00-17:59,1388921,190744,930728,141863,1.1098723162917927,4026
Central,Pedestrians,Daylight,9,09:00-09:59,18,18:00-18:59,757905,365520,683020,389571,1.1826516077485656,4026
Central,Pedestrians,Daylight,9,09:00-09:59,19,19:00-19:59,396979,406728,460002,612589,1.2997892369350055,4026
Central,Pedestrians,Daylight,9,09:00-09:59,20,20:00-20:59,198010,382744,297928,774663,1.3451794518218623,4026
Central,Pedestrians,Daylight,10,10:00-10:59,5,05:00-05:59,69957,33478,469754,685792,3.050658540500238,4026
Central,Pedestrians,Daylight,10,10:00-10:59,6,06:00-06:59,283143,64430,697011,458535,2.891016410209697,4026
Central,Pedestrians,Daylight,10,10:00-10:59,17,17:00-17:59,1388921,190744,1017813,137733,0.985363956098849,4026
Central,Pedestrians,Daylight,10,10:00-10:59,18,18:00-18:59,757905,365520,768530,387016,1.0441712277429058,4026
Central,Pedestrians,Daylight,10,10:00-10:59,19,19:00-19:59,396979,406728,539299,616247,1.1152922010578943,4026
Central,Pedestrians,Daylight,10,10:00-10:59,20,20:00-20:59,198010,382744,350491,805055,1.1883036020923006,4026
Central,Pedestrians,Daylight,11,11:00-11:59,5,05:00-05:59,69957,33478,741013,857143,2.4171250974945613,4026
Central,Pedestrians,Daylight,11,11:00-11:59,6,06:00-06:59,283143,64430,1062472,535684,2.2156893957589485,4026
Central,Pedestrians,Daylight,11,11:00-11:59,17,17:00-17:59,1388921,190744,1438749,159407,0.8067686473823645,4026
Central,Pedestrians,Daylight,11,11:00-11:59,18,18:00-18:59,757905,365520,1136977,461179,0.8410493335144343,4026
Central,Pedestrians,Daylight,11,11:00-11:59,19,19:00-19:59,396979,406728,835976,762180,0.8898713021199904,4026
Central,Pedestrians,Daylight,11,11:00-11:59,20,20:00-20:59,198010,382744,554866,1043290,0.9727375104613223,4026
Central,Pedestrians,Daylight,12,12:00-12:59,5,05:00-05:59,69957,33478,778513,1152273,3.0928666006546606,4026
Central,Pedestrians,Daylight,12,12:00-12:59,6,06:00-06:59,283143,64430,1151968,778818,2.971072592410605,4026
Central,Pedestrians,Daylight,12,12:00-12:59,17,17:00-17:59,1388921,190744,1688615,242171,1.0442828623396625,4026
Central,Pedestrians,Daylight,12,12:00-12:59,18,18:00-18:59,757905,365520,1270212,660574,1.0783230577286913,4026
Central,Pedestrians,Daylight,12,12:00-12:59,19,19:00-19:59,396979,406728,892022,1038764,1.136592502086061,4026
Central,Pedestrians,Daylight,12,12:00-12:59,20,20:00-20:59,198010,382744,583171,1347615,1.1954974377241725,4026
Central,Pedestrians,Daylight,13,13:00-13:59,5,05:00-05:59,69957,33478,583922,1122795,4.018068200390508,4026
Central,Pedestrians,Daylight,13,13:00-13:59,6,06:00-06:59,283143,64430,896707,810010,3.969698456073404,4026
Central,Pedestrians,Daylight,13,13:00-13:59,17,17:00-17:59,1388921,190744,1445491,261226,1.3159144834534422,4026
Central,Pedestrians,Daylight,13,13:00-13:59,18,18:00-18:59,757905,365520,1025759,680958,1.3765076120719828,4026
Central,Pedestrians,Daylight,13,13:00-13:59,19,19:00-19:59,396979,406728,682259,1024458,1.4655760088373633,4026
Central,Pedestrians,Daylight,13,13:00-13:59,20,20:00-20:59,198010,382744,431945,1274772,1.5268022702659356,4026
Central,Pedestrians,Daylight,14,14:00-14:59,5,05:00-05:59,69957,33478,567706,914729,3.366980768374852,4026
Central,Pedestrians,Daylight,14,14:00-14:59,6,06:00-06:59,283143,64430,852999,629436,3.2428044045708746,4026
Central,Pedestrians,Daylight,14,14:00-14:59,17,17:00-17:59,1388921,190744,1278907,203528,1.1588089987716772,4026
Central,Pedestrians,Daylight,14,14:00-14:59,18,18:00-18:59,757905,365520,946978,535457,1.172433820805446,4026
Central,Pedestrians,Daylight,14,14:00-14:59,19,19:00-19:59,396979,406728,654276,828159,1.2354244674359744,4026
Central,Pedestrians,Daylight,14,14:00-14:59,20,20:00-20:59,198010,382744,418265,1064170,1.3162495001552879,4026
Central,Cars,Dark,23,23:00-23:59,5,05:00-05:59,97585,92482,156741,251933,1.6960095693236907,4026
Central,Cars,Dark,23,23:00-23:59,6,06:00-06:59,278617,106885,227648,181026,2.072850430805702,4026
Central,Cars,Dark,23,23:00-23:59,17,17:00-17:59,751264,128244,342809,65865,1.1255324064419032,4026
Central,Cars,Dark,23,23:00-23:59,18,18:00-18:59,515284,295520,256335,152339,1.0362462476957357,4026
Central,Cars,Dark,23,23:00-23:59,19,19:00-19:59,294790,398491,184861,223813,0.895641565635214,4026
Central,Cars,Dark,23,23:00-23:59,20,20:00-20:59,167067,432872,120481,288193,0.9232005270848436,4026
Central,Cars,Dark,0,00:00-00:59,5,05:00-05:59,97585,92482,125644,192326,1.615184351669556,4026
Central,Cars,Dark,0,00:00-00:59,6,06:00-06:59,278617,106885,179764,138206,2.0040798644446145,4026
Central,Cars,Dark,0,00:00-00:59,17,17:00-17:59,751264,128244,267048,50922,1.1170475121110277,4026
Central,Cars,Dark,0,00:00-00:59,18,18:00-18:59,515284,295520,201858,116112,1.0029768732717796,4026
Central,Cars,Dark,0,00:00-00:59,19,19:00-19:59,294790,398491,146977,170993,0.8606432821876606,4026
Central,Cars,Dark,0,00:00-00:59,20,20:00-20:59,167067,432872,97081,220889,0.8781546943358068,4026
Central,Cars,Dark,1,01:00-01:59,5,05:00-05:59,97585,92482,95021,153600,1.7056796670525467,4026
Central,Cars,Dark,1,01:00-01:59,6,06:00-06:59,278617,106885,137704,110917,2.0996282570941878,4026
Central,Cars,Dark,1,01:00-01:59,17,17:00-17:59,751264,128244,206487,42134,1.1953511376183097,4026
Central,Cars,Dark,1,01:00-01:59,18,18:00-18:59,515284,295520,155177,93444,1.0499868224252074,4026
Central,Cars,Dark,1,01:00-01:59,19,19:00-19:59,294790,398491,111601,137020,0.9082598301607147,4026
Central,Cars,Dark,1,01:00-01:59,20,20:00-20:59,167067,432872,73382,175239,0.9216635270115225,4026
Central,Cars,Dark,2,02:00-02:59,5,05:00-05:59,97585,92482,65940,121257,1.940366328866204,4026
Central,Cars,Dark,2,02:00-02:59,6,06:00-06:59,278617,106885,99576,87621,2.2937410072700755,4026
Central,Cars,Dark,2,02:00-02:59,17,17:00-17:59,751264,128244,153038,34159,1.307559287205259,4026
Central,Cars,Dark,2,02:00-02:59,18,18:00-18:59,515284,295520,113585,73612,1.1300233419853403,4026
Central,Cars,Dark,2,02:00-02:59,19,19:00-19:59,294790,398491,78830,108367,1.016950359031295,4026
Central,Cars,Dark,2,02:00-02:59,20,20:00-20:59,167067,432872,50056,137141,1.057407409655823,4026
Central,Cars,Daylight,9,09:00-09:59,5,05:00-05:59,97585,92482,261771,382291,1.540984942504372,4026
Central,Cars,Daylight,9,09:00-09:59,6,06:00-06:59,278617,106885,380923,263139,1.8006896734651838,4026
Central,Cars,Daylight,9,09:00-09:59,17,17:00-17:59,751264,128244,556683,87379,0.9195061408570047,4026
Central,Cars,Daylight,9,09:00-09:59,18,18:00-18:59,515284,295520,420439,223623,0.9274131601826515,4026
Central,Cars,Daylight,9,09:00-09:59,19,19:00-19:59,294790,398491,299358,344704,0.8518236316555452,4026
Central,Cars,Daylight,9,09:00-09:59,20,20:00-20:59,167067,432872,193832,450230,0.8964790239441383,4026
Central,Cars,Daylight,10,10:00-10:59,5,05:00-05:59,97585,92482,273031,383223,1.4810354705675972,4026
Central,Cars,Daylight,10,10:00-10:59,6,06:00-06:59,278617,106885,393481,262773,1.740795770898258,4026
Central,Cars,Daylight,10,10:00-10:59,17,17:00-17:59,751264,128244,565859,90395,0.9358186675953621,4026
Central,Cars,Daylight,10,10:00-10:59,18,18:00-18:59,515284,295520,432659,223595,0.9011065051269772,4026
Central,Cars,Daylight,10,10:00-10:59,19,19:00-19:59,294790,398491,312136,344118,0.8155634594729783,4026
Central,Cars,Daylight,10,10:00-10:59,20,20:00-20:59,167067,432872,201927,454327,0.8683710440283782,4026
Central,Cars,Daylight,11,11:00-11:59,5,05:00-05:59,97585,92482,294305,392354,1.406715579644245,4026
Central,Cars,Daylight,11,11:00-11:59,6,06:00-06:59,278617,106885,418554,268105,1.6697223743379812,4026
Central,Cars,Daylight,11,11:00-11:59,17,17:00-17:59,751264,128244,592547,94112,0.9304171821753806,4026
Central,Cars,Daylight,11,11:00-11:59,18,18:00-18:59,515284,295520,457410,229249,0.8738996678314965,4026
Central,Cars,Daylight,11,11:00-11:59,19,19:00-19:59,294790,398491,335376,351283,0.774853113228081,4026
Central,Cars,Daylight,11,11:00-11:59,20,20:00-20:59,167067,432872,218012,468647,0.829653255391984,4026
Central,Cars,Daylight,12,12:00-12:59,5,05:00-05:59,97585,92482,296874,412995,1.4679068024146023,4026
Central,Cars,Daylight,12,12:00-12:59,6,06:00-06:59,278617,106885,425112,284757,1.7460709810435522,4026
Central,Cars,Daylight,12,12:00-12:59,17,17:00-17:59,751264,128244,607332,102537,0.9890311387638063,4026
Central,Cars,Daylight,12,12:00-12:59,18,18:00-18:59,515284,295520,466809,243060,0.9078917137636318,4026
Central,Cars,Daylight,12,12:00-12:59,19,19:00-19:59,294790,398491,339802,370067,0.8056541687723037,4026
Central,Cars,Daylight,12,12:00-12:59,20,20:00-20:59,167067,432872,220433,489436,0.856940124857193,4026
Central,Cars,Daylight,13,13:00-13:59,5,05:00-05:59,97585,92482,309129,428762,1.463532571821002,4026
Central,Cars,Daylight,13,13:00-13:59,6,06:00-06:59,278617,106885,443972,293919,1.725690586777696,4026
Central,Cars,Daylight,13,13:00-13:59,17,17:00-17:59,751264,128244,632495,105396,0.9761634778903482,4026
Central,Cars,Daylight,13,13:00-13:59,18,18:00-18:59,515284,295520,485895,251996,0.904296805074732,4026
Central,Cars,Daylight,13,13:00-13:59,19,19:00-19:59,294790,398491,354775,383116,0.7988615357404385,4026
Central,Cars,Daylight,13,13:00-13:59,20,20:00-20:59,167067,432872,229194,508697,0.8566178337505808,4026
Central,Cars,Daylight,14,14:00-14:59,5,05:00-05:59,97585,92482,330289,446414,1.4261642617033568,4026
Central,Cars,Daylight,14,14:00-14:59,6,06:00-06:59,278617,106885,473269,303434,1.6712716027558518,4026
Central,Cars,Daylight,14,14:00-14:59,17,17:00-17:59,751264,128244,670062,106641,0.9323194455433103,4026
Central,Cars,Daylight,14,14:00-14:59,18,18:00-18:59,515284,295520,517233,259470,0.8747031805055474,4026
Central,Cars,Daylight,14,14:00-14:59,19,19:00-19:59,294790,398491,379262,397441,0.775224636123126,4026
Central,Cars,Daylight,14,14:00-14:59,20,20:00-20:59,167067,432872,243515,533188,0.8450566583498004,4026
Central,Cyclists,Dark,23,23:00-23:59,5,05:00-05:59,20797,10441,9064,18046,3.9656981274087397,4026
Central,Cyclists,Dark,23,23:00-23:59,6,06:00-06:59,90697,18385,13143,13967,5.242493650160113,4026
Central,Cyclists,Dark,23,23:00-23:59,17,17:00-17:59,284357,40119,22066,5044,1.6201875419902831,4026
Central,Cyclists,Dark,23,23:00-23:59,18,18:00-18:59,142262,71939,15552,11558,1.469673813296461,4026
Central,Cyclists,Dark,23,23:00-23:59,19,19:00-19:59,75607,72274,10615,16495,1.6255945556326925,4026
Central,Cyclists,Dark,23,23:00-23:59,20,20:00-20:59,37293,66803,7115,19995,1.568837128634012,4026
Central,Cyclists,Dark,0,00:00-00:59,5,05:00-05:59,20797,10441,4539,8670,3.804674527494202,4026
Central,Cyclists,Dark,0,00:00-00:59,6,06:00-06:59,90697,18385,6493,6716,5.102635808584392,4026
Central,Cyclists,Dark,0,00:00-00:59,17,17:00-17:59,284357,40119,10584,2625,1.7578964979982874,4026
Central,Cyclists,Dark,0,00:00-00:59,18,18:00-18:59,142262,71939,7650,5559,1.4370098741063637,4026
Central,Cyclists,Dark,0,00:00-00:59,19,19:00-19:59,75607,72274,5234,7975,1.5939580527247552,4026
Central,Cyclists,Dark,0,00:00-00:59,20,20:00-20:59,37293,66803,3653,9556,1.4603529212814979,4026
Central,Cyclists,Dark,1,01:00-01:59,5,05:00-05:59,20797,10441,3102,4826,3.09887544089606,4026
Central,Cyclists,Dark,1,01:00-01:59,6,06:00-06:59,90697,18385,4314,3614,4.132732497832326,4026
Central,Cyclists,Dark,1,01:00-01:59,17,17:00-17:59,284357,40119,6300,1628,1.8315875191946853,4026
Central,Cyclists,Dark,1,01:00-01:59,18,18:00-18:59,142262,71939,4885,3043,1.2318615440186653,4026
Central,Cyclists,Dark,1,01:00-01:59,19,19:00-19:59,75607,72274,3525,4403,1.3066807070099113,4026
Central,Cyclists,Dark,1,01:00-01:59,20,20:00-20:59,37293,66803,2543,5385,1.182144871190013,4026
Central,Cyclists,Dark,2,02:00-02:59,5,05:00-05:59,20797,10441,2459,3508,2.8415784598665175,4026
Central,Cyclists,Dark,2,02:00-02:59,6,06:00-06:59,90697,18385,3397,2570,3.732216807468171,4026
Central,Cyclists,Dark,2,02:00-02:59,17,17:00-17:59,284357,40119,4715,1252,1.8820729644271241,4026
Central,Cyclists,Dark,2,02:00-02:59,18,18:00-18:59,142262,71939,3767,2200,1.1549191273691775,4026
Central,Cyclists,Dark,2,02:00-02:59,19,19:00-19:59,75607,72274,2725,3242,1.2445903192564358,4026
Central,Cyclists,Dark,2,02:00-02:59,20,20:00-20:59,37293,66803,1927,4040,1.170391085776765,4026
Central,Cyclists,Daylight,9,09:00-09:59,5,05:00-05:59,20797,10441,55400,116073,4.173304182656512,4026
Central,Cyclists,Daylight,9,09:00-09:59,6,06:00-06:59,90697,18385,83851,87622,5.155065685348301,4026
Central,Cyclists,Daylight,9,09:00-09:59,17,17:00-17:59,284357,40119,142560,28913,1.4375047681869872,4026
Central,Cyclists,Daylight,9,09:00-09:59,18,18:00-18:59,142262,71939,98242,73231,1.474084171627276,4026
Central,Cyclists,Daylight,9,09:00-09:59,19,19:00-19:59,75607,72274,64571,106902,1.7319216165297562,4026
Central,Cyclists,Daylight,9,09:00-09:59,20,20:00-20:59,37293,66803,42245,129228,1.70770426649356,4026
Central,Cyclists,Daylight,10,10:00-10:59,5,05:00-05:59,20797,10441,54898,67101,2.4346193289777927,4026
Central,Cyclists,Daylight,10,10:00-10:59,6,06:00-06:59,90697,18385,76223,45776,2.9626550647833825,4026
Central,Cyclists,Daylight,10,10:00-10:59,17,17:00-17:59,284357,40119,106955,15044,0.9969561507253412,4026
Central,Cyclists,Daylight,10,10:00-10:59,18,18:00-18:59,142262,71939,82834,39165,0.9350051665070007,4026
Central,Cyclists,Daylight,10,10:00-10:59,19,19:00-19:59,75607,72274,61638,60361,1.0244430072102237,4026
Central,Cyclists,Daylight,10,10:00-10:59,20,20:00-20:59,37293,66803,42178,79821,1.0564830573949133,4026
Central,Cyclists,Daylight,11,11:00-11:59,5,05:00-05:59,20797,10441,68777,69448,2.011291929510003,4026
Central,Cyclists,Daylight,11,11:00-11:59,6,06:00-06:59,90697,18385,93367,44858,2.370149769308293,4026
Central,Cyclists,Daylight,11,11:00-11:59,17,17:00-17:59,284357,40119,123729,14496,0.8304060446963041,4026
Central,Cyclists,Daylight,11,11:00-11:59,18,18:00-18:59,142262,71939,99221,39004,0.7773740899817291,4026
Central,Cyclists,Daylight,11,11:00-11:59,19,19:00-19:59,75607,72274,76585,61640,0.8419742855468423,4026
Central,Cyclists,Daylight,11,11:00-11:59,20,20:00-20:59,37293,66803,52626,85599,0.9080289282365841,4026
Central,Cyclists,Daylight,12,12:00-12:59,5,05:00-05:59,20797,10441,71047,84113,2.358174694570255,4026
Central,Cyclists,Daylight,12,12:00-12:59,6,06:00-06:59,90697,18385,98576,56584,2.8317293455983816,4026
Central,Cyclists,Daylight,12,12:00-12:59,17,17:00-17:59,284357,40119,136847,18313,0.9485015363545456,4026
Central,Cyclists,Daylight,12,12:00-12:59,18,18:00-18:59,142262,71939,106670,48490,0.8989476520927733,4026
Central,Cyclists,Daylight,12,12:00-12:59,19,19:00-19:59,75607,72274,80088,75072,0.9805967565793576,4026
Central,Cyclists,Daylight,12,12:00-12:59,20,20:00-20:59,37293,66803,54168,100992,1.0408197557660546,4026
Central,Cyclists,Daylight,13,13:00-13:59,5,05:00-05:59,20797,10441,67854,86611,2.5424720922928135,4026
Central,Cyclists,Daylight,13,13:00-13:59,6,06:00-06:59,90697,18385,94778,59687,3.106715603701437,4026
Central,Cyclists,Daylight,13,13:00-13:59,17,17:00-17:59,284357,40119,134804,19661,1.0337526800840635,4026
Central,Cyclists,Daylight,13,13:00-13:59,18,18:00-18:59,142262,71939,103545,50920,0.9724869361345773,4026
Central,Cyclists,Daylight,13,13:00-13:59,19,19:00-19:59,75607,72274,76455,78010,1.0673928761430695,4026
Central,Cyclists,Daylight,13,13:00-13:59,20,20:00-20:59,37293,66803,51595,102870,1.1130443717933607,4026
Central,Cyclists,Daylight,14,14:00-14:59,5,05:00-05:59,20797,10441,78467,89642,2.2755327211691596,4026
Central,Cyclists,Daylight,14,14:00-14:59,6,06:00-06:59,90697,18385,109100,59009,2.66822710848785,4026
Central,Cyclists,Daylight,14,14:00-14:59,17,17:00-17:59,284357,40119,148815,19294,0.9189447266103483,4026
Central,Cyclists,Daylight,14,14:00-14:59,18,18:00-18:59,142262,71939,116594,51515,0.8737395923789782,4026
Central,Cyclists,Daylight,14,14:00-14:59,19,19:00-19:59,75607,72274,87966,80143,0.9530828744520097,4026
Central,Cyclists,Daylight,14,14:00-14:59,20,20:00-20:59,37293,66803,59749,108360,1.0124409676172001,4026
East,Pedestrians,Dark,23,23:00-23:59,5,05:00-05:59,61047,58736,30823,69556,2.3454147490376447,8418
East,Pedestrians,Dark,23,23:00-23:59,6,06:00-06:59,195158,64931,44064,56315,3.8412664858400523,8418
East,Pedestrians,Dark,23,23:00-23:59,17,17:00-17:59,685022,93613,70744,29635,3.0653754560236663,8418
East,Pedestrians,Dark,23,23:00-23:59,18,18:00-18:59,437824,186096,50855,49524,2.291102832814984,8418
East,Pedestrians,Dark,23,23:00-23:59,19,19:00-19:59,244040,211998,35986,64393,2.0598440236053364,8418
East,Pedestrians,Dark,23,23:00-23:59,20,20:00-20:59,120506,192627,24046,76333,1.9859165652379147,8418
East,Pedestrians,Dark,0,00:00-00:59,5,05:00-05:59,61047,58736,21915,51622,2.4482361754289723,8418
East,Pedestrians,Dark,0,00:00-00:59,6,06:00-06:59,195158,64931,30646,42891,4.206555681139325,8418
East,Pedestrians,Dark,0,00:00-00:59,17,17:00-17:59,685022,93613,47510,26027,4.008735830353584,8418
East,Pedestrians,Dark,0,00:00-00:59,18,18:00-18:59,437824,186096,34736,38801,2.6280016800192434,8418
East,Pedestrians,Dark,0,00:00-00:59,19,19:00-19:59,244040,211998,24987,48550,2.236682655354139,8418
East,Pedestrians,Dark,0,00:00-00:59,20,20:00-20:59,120506,192627,16919,56618,2.093492183652537,8418
East,Pedestrians,Dark,1,01:00-01:59,5,05:00-05:59,61047,58736,17958,43504,2.5178577035692085,8418
East,Pedestrians,Dark,1,01:00-01:59,6,06:00-06:59,195158,64931,24330,37132,4.587124210383184,8418
East,Pedestrians,Dark,1,01:00-01:59,17,17:00-17:59,685022,93613,37169,24293,4.782650325652397,8418
East,Pedestrians,Dark,1,01:00-01:59,18,18:00-18:59,437824,186096,27349,34113,2.934546455580443,8418
East,Pedestrians,Dark,1,01:00-01:59,19,19:00-19:59,244040,211998,19902,41560,2.4038539037037405,8418
East,Pedestrians,Dark,1,01:00-01:59,20,20:00-20:59,120506,192627,13777,47685,2.1653028056932677,8418
East,Pedestrians,Dark,2,02:00-02:59,5,05:00-05:59,61047,58736,16696,39232,2.442237929291215,8418
East,Pedestrians,Dark,2,02:00-02:59,6,06:00-06:59,195158,64931,21448,34480,4.831864239714325,8418
East,Pedestrians,Dark,2,02:00-02:59,17,17:00-17:59,685022,93613,32954,22974,5.101487602152343,8418
East,Pedestrians,Dark,2,02:00-02:59,18,18:00-18:59,437824,186096,24633,31295,2.988960495311444,8418
East,Pedestrians,Dark,2,02:00-02:59,19,19:00-19:59,244040,211998,18360,37568,2.355454128199975,8418
East,Pedestrians,Dark,2,02:00-02:59,20,20:00-20:59,120506,192627,13668,42260,1.9342652637201496,8418
East,Pedestrians,Daylight,9,09:00-09:59,5,05:00-05:59,61047,58736,231941,286465,1.2836718039689554,8418
East,Pedestrians,Daylight,9,09:00-09:59,6,06:00-06:59,195158,64931,323631,194775,1.8089116889780676,8418
East,Pedestrians,Daylight,9,09:00-09:59,17,17:00-17:59,685022,93613,445081,73325,1.205539299888633,8418
East,Pedestrians,Daylight,9,09:00-09:59,18,18:00-18:59,437824,186096,349480,168926,1.137199598028133,8418
East,Pedestrians,Daylight,9,09:00-09:59,19,19:00-19:59,244040,211998,264233,254173,1.1073160933597588,8418
East,Pedestrians,Daylight,9,09:00-09:59,20,20:00-20:59,120506,192627,176736,341670,1.2094093899948606,8418
East,Pedestrians,Daylight,10,10:00-10:59,5,05:00-05:59,61047,58736,270255,312851,1.2031610644231432,8418
East,Pedestrians,Daylight,10,10:00-10:59,6,06:00-06:59,195158,64931,373912,209194,1.6815666603068589,8418
East,Pedestrians,Daylight,10,10:00-10:59,17,17:00-17:59,685022,93613,504420,78686,1.1414937209890308,8418
East,Pedestrians,Daylight,10,10:00-10:59,18,18:00-18:59,437824,186096,400233,182873,1.0749771213302213,8418
East,Pedestrians,Daylight,10,10:00-10:59,19,19:00-19:59,244040,211998,306672,276434,1.0376397133735096,8418
East,Pedestrians,Daylight,10,10:00-10:59,20,20:00-20:59,120506,192627,203755,379351,1.1647278725509276,8418
East,Pedestrians,Daylight,11,11:00-11:59,5,05:00-05:59,61047,58736,321766,371273,1.1992595207827375,8418
East,Pedestrians,Daylight,11,11:00-11:59,6,06:00-06:59,195158,64931,444071,248968,1.6850988619815153,8418
East,Pedestrians,Daylight,11,11:00-11:59,17,17:00-17:59,685022,93613,599892,93147,1.1362245218026203,8418
East,Pedestrians,Daylight,11,11:00-11:59,18,18:00-18:59,437824,186096,474702,218337,1.0821035037696891,8418
East,Pedestrians,Daylight,11,11:00-11:59,19,19:00-19:59,244040,211998,365849,327190,1.0295024914768425,8418
East,Pedestrians,Daylight,11,11:00-11:59,20,20:00-20:59,120506,192627,243613,449426,1.1541154197247891,8418
East,Pedestrians,Daylight,12,12:00-12:59,5,05:00-05:59,61047,58736,338080,435562,1.3390304803066586,8418
East,Pedestrians,Daylight,12,12:00-12:59,6,06:00-06:59,195158,64931,471624,302018,1.9247361233887752,8418
East,Pedestrians,Daylight,12,12:00-12:59,17,17:00-17:59,685022,93613,659123,114519,1.2713918895856795,8418
East,Pedestrians,Daylight,12,12:00-12:59,18,18:00-18:59,437824,186096,510590,263052,1.2120815186453051,8418
East,Pedestrians,Daylight,12,12:00-12:59,19,19:00-19:59,244040,211998,386697,386945,1.1518811966573381,8418
East,Pedestrians,Daylight,12,12:00-12:59,20,20:00-20:59,120506,192627,252862,520780,1.2884341837981736,8418
East,Pedestrians,Daylight,13,13:00-13:59,5,05:00-05:59,61047,58736,317803,434080,1.4196188037326494,8418
East,Pedestrians,Daylight,13,13:00-13:59,6,06:00-06:59,195158,64931,445432,306451,2.067825546682917,8418
East,Pedestrians,Daylight,13,13:00-13:59,17,17:00-17:59,685022,93613,633565,118318,1.3665577786066376,8418
East,Pedestrians,Daylight,13,13:00-13:59,18,18:00-18:59,437824,186096,484852,267031,1.2957314997433753,8418
East,Pedestrians,Daylight,13,13:00-13:59,19,19:00-19:59,244040,211998,364167,387716,1.2255820387539977,8418
East,Pedestrians,Daylight,13,13:00-13:59,20,20:00-20:59,120506,192627,238147,513736,1.3495419688309105,8418
East,Pedestrians,Daylight,14,14:00-14:59,5,05:00-05:59,61047,58736,420139,470790,1.1646466757017258,8418
East,Pedestrians,Daylight,14,14:00-14:59,6,06:00-06:59,195158,64931,586321,304608,1.5614932925113039,8418
East,Pedestrians,Daylight,14,14:00-14:59,17,17:00-17:59,685022,93613,777376,113553,1.0688969557631676,8418
East,Pedestrians,Daylight,14,14:00-14:59,18,18:00-18:59,437824,186096,618718,272211,1.0350836441243896,8418
East,Pedestrians,Daylight,14,14:00-14:59,19,19:00-19:59,244040,211998,472345,418584,1.0201230338716367,8418
East,Pedestrians,Daylight,14,14:00-14:59,20,20:00-20:59,120506,192627,321727,569202,1.1068032306435331,8418
East,Cars,Dark,23,23:00-23:59,5,05:00-05:59,454028,368697,263736,411561,1.9216656694300902,8418
East,Cars,Dark,23,23:00-23:59,6,06:00-06:59,1221516,429878,383970,291327,2.1559435389765818,8418
East,Cars,Dark,23,23:00-23:59,17,17:00-17:59,2424282,435748,546519,128778,1.3109440157152323,8418
East,Cars,Dark,23,23:00-23:59,18,18:00-18:59,1617388,814676,428829,246468,1.1410526604165057,8418
East,Cars,Dark,23,23:00-23:59,19,19:00-19:59,940205,1031760,311307,363990,1.0654778744512063,8418
East,Cars,Dark,23,23:00-23:59,20,20:00-20:59,518332,1086840,203462,471835,1.105985037313331,8418
East,Cars,Dark,0,00:00-00:59,5,05:00-05:59,454028,368697,182608,277098,1.8686442296909553,8418
East,Cars,Dark,0,00:00-00:59,6,06:00-06:59,1221516,429878,264172,195534,2.103242944670754,8418
East,Cars,Dark,0,00:00-00:59,17,17:00-17:59,2424282,435748,369863,89843,1.351422333540188,8418
East,Cars,Dark,0,00:00-00:59,18,18:00-18:59,1617388,814676,292910,166796,1.130526447930484,8418
East,Cars,Dark,0,00:00-00:59,19,19:00-19:59,940205,1031760,213721,245985,1.0488304729443587,8418
East,Cars,Dark,0,00:00-00:59,20,20:00-20:59,518332,1086840,139748,319958,1.0919173830760498,8418
East,Cars,Dark,1,01:00-01:59,5,05:00-05:59,454028,368697,135541,196246,1.7829664076505924,8418
East,Cars,Dark,1,01:00-01:59,6,06:00-06:59,1221516,429878,196422,135365,1.958259306144492,8418
East,Cars,Dark,1,01:00-01:59,17,17:00-17:59,2424282,435748,269647,62140,1.2821043997318577,8418
East,Cars,Dark,1,01:00-01:59,18,18:00-18:59,1617388,814676,215368,116419,1.0731785500715425,8418
East,Cars,Dark,1,01:00-01:59,19,19:00-19:59,940205,1031760,158436,173351,0.9970486540522558,8418
East,Cars,Dark,1,01:00-01:59,20,20:00-20:59,518332,1086840,103811,227976,1.0473411384762197,8418
East,Cars,Dark,2,02:00-02:59,5,05:00-05:59,454028,368697,120173,157996,1.6190200303079947,8418
East,Cars,Dark,2,02:00-02:59,6,06:00-06:59,1221516,429878,172261,105908,1.747011416341837,8418
East,Cars,Dark,2,02:00-02:59,17,17:00-17:59,2424282,435748,229644,48525,1.1755962054408253,8418
East,Cars,Dark,2,02:00-02:59,18,18:00-18:59,1617388,814676,185490,92679,0.9919508002850936,8418
East,Cars,Dark,2,02:00-02:59,19,19:00-19:59,940205,1031760,138790,139379,0.9151305170663229,8418
East,Cars,Dark,2,02:00-02:59,20,20:00-20:59,518332,1086840,91476,186693,0.9733370977594386,8418
East,Cars,Daylight,9,09:00-09:59,5,05:00-05:59,454028,368697,960973,1175200,1.5059606702360464,8418
East,Cars,Daylight,9,09:00-09:59,6,06:00-06:59,1221516,429878,1362701,773472,1.6128647947923536,8418
East,Cars,Daylight,9,09:00-09:59,17,17:00-17:59,2424282,435748,1836763,299410,0.9069031563351324,8418
East,Cars,Daylight,9,09:00-09:59,18,18:00-18:59,1617388,814676,1479518,656655,0.8811427992493921,8418
East,Cars,Daylight,9,09:00-09:59,19,19:00-19:59,940205,1031760,1099037,1037136,0.8599382471964483,8418
East,Cars,Daylight,9,09:00-09:59,20,20:00-20:59,518332,1086840,721102,1415071,0.9358881284424789,8418
East,Cars,Daylight,10,10:00-10:59,5,05:00-05:59,454028,368697,1031010,1214126,1.4501532981517757,8418
East,Cars,Daylight,10,10:00-10:59,6,06:00-06:59,1221516,429878,1453387,791749,1.5479616338945204,8418
East,Cars,Daylight,10,10:00-10:59,17,17:00-17:59,2424282,435748,1926187,318949,0.9212352170630332,8418
East,Cars,Daylight,10,10:00-10:59,18,18:00-18:59,1617388,814676,1565285,679851,0.8622825779645695,8418
East,Cars,Daylight,10,10:00-10:59,19,19:00-19:59,940205,1031760,1179682,1065454,0.8230261247509296,8418
East,Cars,Daylight,10,10:00-10:59,20,20:00-20:59,518332,1086840,772884,1472252,0.9084692752411196,8418
East,Cars,Daylight,11,11:00-11:59,5,05:00-05:59,454028,368697,1117316,1309214,1.442937949855483,8418
East,Cars,Daylight,11,11:00-11:59,6,06:00-06:59,1221516,429878,1577306,849224,1.5298901349877259,8418
East,Cars,Daylight,11,11:00-11:59,17,17:00-17:59,2424282,435748,2082403,344127,0.9193940781886836,8418
East,Cars,Daylight,11,11:00-11:59,18,18:00-18:59,1617388,814676,1695889,730641,0.8553343431032072,8418
East,Cars,Daylight,11,11:00-11:59,19,19:00-19:59,940205,1031760,1279044,1147486,0.8175339191946769,8418
East,Cars,Daylight,11,11:00-11:59,20,20:00-20:59,518332,1086840,834154,1592376,0.9104200097754996,8418
East,Cars,Daylight,12,12:00-12:59,5,05:00-05:59,454028,368697,1156658,1417676,1.509332953143937,8418
East,Cars,Daylight,12,12:00-12:59,6,06:00-06:59,1221516,429878,1643891,930443,1.6083134556463032,8418
East,Cars,Daylight,12,12:00-12:59,17,17:00-17:59,2424282,435748,2196590,377744,0.9567452332756875,8418
East,Cars,Daylight,12,12:00-12:59,18,18:00-18:59,1617388,814676,1776098,798236,0.8922646335650585,8418
East,Cars,Daylight,12,12:00-12:59,19,19:00-19:59,940205,1031760,1329813,1244521,0.8528163631657293,8418
East,Cars,Daylight,12,12:00-12:59,20,20:00-20:59,518332,1086840,862782,1711552,0.9460877735500213,8418
East,Cars,Daylight,13,13:00-13:59,5,05:00-05:59,454028,368697,1171720,1449483,1.5233591872105083,8418
East,Cars,Daylight,13,13:00-13:59,6,06:00-06:59,1221516,429878,1665712,955491,1.6299738106576322,8418
East,Cars,Daylight,13,13:00-13:59,17,17:00-17:59,2424282,435748,2236059,385144,0.9582693828876706,8418
East,Cars,Daylight,13,13:00-13:59,18,18:00-18:59,1617388,814676,1802952,818251,0.9010142804721034,8418
East,Cars,Daylight,13,13:00-13:59,19,19:00-19:59,940205,1031760,1345935,1275268,0.86341829164695,8418
East,Cars,Daylight,13,13:00-13:59,20,20:00-20:59,518332,1086840,878106,1743097,0.9467101175670571,8418
East,Cars,Daylight,14,14:00-14:59,5,05:00-05:59,454028,368697,1225036,1501932,1.5097827248800388,8418
East,Cars,Daylight,14,14:00-14:59,6,06:00-06:59,1221516,429878,1742393,984575,1.6056712332483112,8418
East,Cars,Daylight,14,14:00-14:59,17,17:00-17:59,2424282,435748,2330566,396402,0.9462854557262169,8418
East,Cars,Daylight,14,14:00-14:59,18,18:00-18:59,1617388,814676,1884296,842672,0.887848226681991,8418
East,Cars,Daylight,14,14:00-14:59,19,19:00-19:59,940205,1031760,1404822,1322146,0.8576339908736698,8418
East,Cars,Daylight,14,14:00-14:59,20,20:00-20:59,518332,1086840,920098,1806870,0.9365591867661404,8418
East,Cyclists,Dark,23,23:00-23:59,5,05:00-05:59,33255,44570,19483,38206,1.4631540673043655,8418
East,Cyclists,Dark,23,23:00-23:59,6,06:00-06:59,103596,44105,30472,27217,2.0979467182972593,8418
East,Cyclists,Dark,23,23:00-23:59,17,17:00-17:59,196573,40088,43197,14492,1.6450693651179216,8418
East,Cyclists,Dark,23,23:00-23:59,18,18:00-18:59,107860,62206,32335,25354,1.3595705875092405,8418
East,Cyclists,Dark,23,23:00-23:59,19,19:00-19:59,57552,68757,22418,35271,1.3169352099369616,8418
East,Cyclists,Dark,23,23:00-23:59,20,20:00-20:59,33184,69745,14890,42799,1.367585791876066,8418
East,Cyclists,Dark,0,00:00-00:59,5,05:00-05:59,33255,44570,13903,28972,1.5548348697780927,8418
East,Cyclists,Dark,0,00:00-00:59,6,06:00-06:59,103596,44105,22059,20816,2.2164943014204663,8418
East,Cyclists,Dark,0,00:00-00:59,17,17:00-17:59,196573,40088,30147,12728,2.070263101211885,8418
East,Cyclists,Dark,0,00:00-00:59,18,18:00-18:59,107860,62206,22570,20305,1.559910116701589,8418
East,Cyclists,Dark,0,00:00-00:59,19,19:00-19:59,57552,68757,15537,27338,1.4727976230378175,8418
East,Cyclists,Dark,0,00:00-00:59,20,20:00-20:59,33184,69745,10741,32134,1.4234287353555752,8418
East,Cyclists,Dark,1,01:00-01:59,5,05:00-05:59,33255,44570,12213,23495,1.4353817176130623,8418
East,Cyclists,Dark,1,01:00-01:59,6,06:00-06:59,103596,44105,17781,17927,2.368135766323056,8418
East,Cyclists,Dark,1,01:00-01:59,17,17:00-17:59,196573,40088,24180,11528,2.3377988854627945,8418
East,Cyclists,Dark,1,01:00-01:59,18,18:00-18:59,107860,62206,18533,17175,1.606864144067776,8418
East,Cyclists,Dark,1,01:00-01:59,19,19:00-19:59,57552,68757,13430,22278,1.3884929791105387,8418
East,Cyclists,Dark,1,01:00-01:59,20,20:00-20:59,33184,69745,8806,26902,1.4535217785915877,8418
East,Cyclists,Dark,2,02:00-02:59,5,05:00-05:59,33255,44570,11219,25370,1.6872546638773542,8418
East,Cyclists,Dark,2,02:00-02:59,6,06:00-06:59,103596,44105,17323,19266,2.6123033725670153,8418
East,Cyclists,Dark,2,02:00-02:59,17,17:00-17:59,196573,40088,24001,12588,2.5717981126493634,8418
East,Cyclists,Dark,2,02:00-02:59,18,18:00-18:59,107860,62206,18045,18544,1.7818644862763193,8418
East,Cyclists,Dark,2,02:00-02:59,19,19:00-19:59,57552,68757,12578,24011,1.5978726326846402,8418
East,Cyclists,Dark,2,02:00-02:59,20,20:00-20:59,33184,69745,7649,28940,1.8001534285743979,8418
East,Cyclists,Daylight,9,09:00-09:59,5,05:00-05:59,33255,44570,41966,67105,1.1930856507866099,8418
East,Cyclists,Daylight,9,09:00-09:59,6,06:00-06:59,103596,44105,60952,48119,1.8543162035364533,8418
East,Cyclists,Daylight,9,09:00-09:59,17,17:00-17:59,196573,40088,90068,19003,1.034572964381789,8418
East,Cyclists,Daylight,9,09:00-09:59,18,18:00-18:59,107860,62206,67629,41442,1.0625169833185355,8418
East,Cyclists,Daylight,9,09:00-09:59,19,19:00-19:59,57552,68757,48326,60745,1.0521391670234495,8418
East,Cyclists,Daylight,9,09:00-09:59,20,20:00-20:59,33184,69745,32330,76741,1.1293730124699521,8418
East,Cyclists,Daylight,10,10:00-10:59,5,05:00-05:59,33255,44570,43034,48679,0.8440035058347393,8418
East,Cyclists,Daylight,10,10:00-10:59,6,06:00-06:59,103596,44105,58994,32719,1.3027087746395005,8418
East,Cyclists,Daylight,10,10:00-10:59,17,17:00-17:59,196573,40088,79121,12592,0.7803913076246717,8418
East,Cyclists,Daylight,10,10:00-10:59,18,18:00-18:59,107860,62206,63106,28607,0.7860131336035087,8418
East,Cyclists,Daylight,10,10:00-10:59,19,19:00-19:59,57552,68757,48754,42959,0.7375431120279031,8418
East,Cyclists,Daylight,10,10:00-10:59,20,20:00-20:59,33184,69745,32890,58823,0.8509400266936903,8418
East,Cyclists,Daylight,11,11:00-11:59,5,05:00-05:59,33255,44570,51414,51492,0.7472616343832814,8418
East,Cyclists,Daylight,11,11:00-11:59,6,06:00-06:59,103596,44105,70193,32713,1.0946662538296132,8418
East,Cyclists,Daylight,11,11:00-11:59,17,17:00-17:59,196573,40088,90207,12699,0.6903014082378373,8418
East,Cyclists,Daylight,11,11:00-11:59,18,18:00-18:59,107860,62206,73663,29243,0.6883362828420945,8418
East,Cyclists,Daylight,11,11:00-11:59,19,19:00-19:59,57552,68757,57822,45084,0.6526387150205956,8418
East,Cyclists,Daylight,11,11:00-11:59,20,20:00-20:59,33184,69745,39517,63389,0.7632127021170457,8418
East,Cyclists,Daylight,12,12:00-12:59,5,05:00-05:59,33255,44570,54125,58617,0.8080532778964142,8418
East,Cyclists,Daylight,12,12:00-12:59,6,06:00-06:59,103596,44105,74060,38682,1.2268186611731018,8418
East,Cyclists,Daylight,12,12:00-12:59,17,17:00-17:59,196573,40088,97944,14798,0.7408574670602027,8418
East,Cyclists,Daylight,12,12:00-12:59,18,18:00-18:59,107860,62206,78861,33881,0.7449413474264356,8418
East,Cyclists,Daylight,12,12:00-12:59,19,19:00-19:59,57552,68757,61243,51499,0.7038592795787874,8418
East,Cyclists,Daylight,12,12:00-12:59,20,20:00-20:59,33184,69745,41244,71498,0.8248002263312372,8418
East,Cyclists,Daylight,13,13:00-13:59,5,05:00-05:59,33255,44570,58435,63741,0.8138795613097253,8418
East,Cyclists,Daylight,13,13:00-13:59,6,06:00-06:59,103596,44105,79608,42568,1.255977019512147,8418
East,Cyclists,Daylight,13,13:00-13:59,17,17:00-17:59,196573,40088,105833,16343,0.7572166408940494,8418
East,Cyclists,Daylight,13,13:00-13:59,18,18:00-18:59,107860,62206,84141,38035,0.7837975313585198,8418
East,Cyclists,Daylight,13,13:00-13:59,19,19:00-19:59,57552,68757,65568,56608,0.722652277374408,8418
East,Cyclists,Daylight,13,13:00-13:59,20,20:00-20:59,33184,69745,44873,77303,0.8196470859154946,8418
East,Cyclists,Daylight,14,14:00-14:59,5,05:00-05:59,33255,44570,70888,72502,0.7631177960097112,8418
East,Cyclists,Daylight,14,14:00-14:59,6,06:00-06:59,103596,44105,97205,46185,1.116008503889351,8418
East,Cyclists,Daylight,14,14:00-14:59,17,17:00-17:59,196573,40088,125846,17544,0.6835946867973728,8418
East,Cyclists,Daylight,14,14:00-14:59,18,18:00-18:59,107860,62206,101966,41424,0.7044088281455098,8418
East,Cyclists,Daylight,14,14:00-14:59,19,19:00-19:59,57552,68757,79228,64162,0.6778642047069763,8418
East,Cyclists,Daylight,14,14:00-14:59,20,20:00-20:59,33184,69745,54882,88508,0.7673053985943525,8418
Outlier,Pedestrians,Dark,23,23:00-23:59,5,05:00-05:59,9323,5527,9752,21497,3.7183510013408334,2928
Outlier,Pedestrians,Dark,23,23:00-23:59,6,06:00-06:59,37262,6255,17587,13662,4.627659164531142,2928
Outlier,Pedestrians,Dark,23,23:00-23:59,17,17:00-17:59,253692,35885,25865,5384,1.4715885164988953,2928
Outlier,Pedestrians,Dark,23,23:00-23:59,18,18:00-18:59,157273,64553,19449,11800,1.4781634921998548,2928
Outlier,Pedestrians,Dark,23,23:00-23:59,19,19:00-19:59,88492,72015,13487,17762,1.618294484127057,2928
Outlier,Pedestrians,Dark,23,23:00-23:59,20,20:00-20:59,44261,70162,7635,23614,1.9511011236842821,2928
Outlier,Pedestrians,Dark,0,00:00-00:59,5,05:00-05:59,9323,5527,4038,13005,5.432631676294774,2928
Outlier,Pedestrians,Dark,0,00:00-00:59,6,06:00-06:59,37262,6255,9854,7189,4.346050547424442,2928
Outlier,Pedestrians,Dark,0,00:00-00:59,17,17:00-17:59,253692,35885,14236,2807,1.393953398400855,2928
Outlier,Pedestrians,Dark,0,00:00-00:59,18,18:00-18:59,157273,64553,10948,6095,1.356365273170839,2928
Outlier,Pedestrians,Dark,0,00:00-00:59,19,19:00-19:59,88492,72015,6384,10659,2.051656400948081,2928
Outlier,Pedestrians,Dark,0,00:00-00:59,20,20:00-20:59,44261,70162,3103,13940,2.834002700237002,2928
Outlier,Pedestrians,Dark,1,01:00-01:59,5,05:00-05:59,9323,5527,2704,9478,5.912569200362431,2928
Outlier,Pedestrians,Dark,1,01:00-01:59,6,06:00-06:59,37262,6255,7792,4390,3.3562509335446324,2928
Outlier,Pedestrians,Dark,1,01:00-01:59,17,17:00-17:59,253692,35885,10648,1534,1.0184767958674645,2928
Outlier,Pedestrians,Dark,1,01:00-01:59,18,18:00-18:59,157273,64553,8441,3741,1.0797707254482802,2928
Outlier,Pedestrians,Dark,1,01:00-01:59,19,19:00-19:59,88492,72015,4733,7449,1.933937859713117,2928
Outlier,Pedestrians,Dark,1,01:00-01:59,20,20:00-20:59,44261,70162,2044,10138,3.1288926058780353,2928
Outlier,Pedestrians,Dark,2,02:00-02:59,5,05:00-05:59,9323,5527,2096,7438,5.985922853387597,2928
Outlier,Pedestrians,Dark,2,02:00-02:59,6,06:00-06:59,37262,6255,6600,2934,2.6482258556792417,2928
Outlier,Pedestrians,Dark,2,02:00-02:59,17,17:00-17:59,253692,35885,8692,842,0.6848353906530045,2928
Outlier,Pedestrians,Dark,2,02:00-02:59,18,18:00-18:59,157273,64553,7080,2454,0.8444599195460272,2928
Outlier,Pedestrians,Dark,2,02:00-02:59,19,19:00-19:59,88492,72015,3928,5606,1.7537297120577569,2928
Outlier,Pedestrians,Dark,2,02:00-02:59,20,20:00-20:59,44261,70162,1612,7922,3.10019536141765,2928
Outlier,Pedestrians,Daylight,9,09:00-09:59,5,05:00-05:59,9323,5527,103133,112699,1.8432686262534328,2928
Outlier,Pedestrians,Daylight,9,09:00-09:59,6,06:00-06:59,37262,6255,141983,73849,3.098468733376584,2928
Outlier,Pedestrians,Daylight,9,09:00-09:59,17,17:00-17:59,253692,35885,190020,25812,0.9603204215268855,2928
Outlier,Pedestrians,Daylight,9,09:00-09:59,18,18:00-18:59,157273,64553,151352,64480,1.0379456316622866,2928
Outlier,Pedestrians,Daylight,9,09:00-09:59,19,19:00-19:59,88492,72015,115312,100520,1.0711715288413153,2928
Outlier,Pedestrians,Daylight,9,09:00-09:59,20,20:00-20:59,44261,70162,78291,137541,1.1082547435147343,2928
Outlier,Pedestrians,Daylight,10,10:00-10:59,5,05:00-05:59,9323,5527,139164,152200,1.844819875236444,2928
Outlier,Pedestrians,Daylight,10,10:00-10:59,6,06:00-06:59,37262,6255,191674,99690,3.098326897920731,2928
Outlier,Pedestrians,Daylight,10,10:00-10:59,17,17:00-17:59,253692,35885,255049,36315,1.0065984217083668,2928
Outlier,Pedestrians,Daylight,10,10:00-10:59,18,18:00-18:59,157273,64553,203935,87429,1.0444832617642161,2928
Outlier,Pedestrians,Daylight,10,10:00-10:59,19,19:00-19:59,88492,72015,156486,134878,1.059123668997278,2928
Outlier,Pedestrians,Daylight,10,10:00-10:59,20,20:00-20:59,44261,70162,105819,185545,1.1061266706974113,2928
Outlier,Pedestrians,Daylight,11,11:00-11:59,5,05:00-05:59,9323,5527,174912,204978,1.976759639635395,2928
Outlier,Pedestrians,Daylight,11,11:00-11:59,6,06:00-06:59,37262,6255,240858,139032,3.4386861693661293,2928
Outlier,Pedestrians,Daylight,11,11:00-11:59,17,17:00-17:59,253692,35885,327546,52344,1.1297658131647808,2928
Outlier,Pedestrians,Daylight,11,11:00-11:59,18,18:00-18:59,157273,64553,258973,120917,1.1375503193249021,2928
Outlier,Pedestrians,Daylight,11,11:00-11:59,19,19:00-19:59,88492,72015,198057,181833,1.1281414421210345,2928
Outlier,Pedestrians,Daylight,11,11:00-11:59,20,20:00-20:59,44261,70162,133084,246806,1.1699010461755324,2928
Outlier,Pedestrians,Daylight,12,12:00-12:59,5,05:00-05:59,9323,5527,182073,245353,2.273065990523609,2928
Outlier,Pedestrians,Daylight,12,12:00-12:59,6,06:00-06:59,37262,6255,255505,171921,4.008375258345467,2928
Outlier,Pedestrians,Daylight,12,12:00-12:59,17,17:00-17:59,253692,35885,361902,65524,1.279980166280866,2928
Outlier,Pedestrians,Daylight,12,12:00-12:59,18,18:00-18:59,157273,64553,278048,149378,1.3088943883346456,2928
Outlier,Pedestrians,Daylight,12,12:00-12:59,19,19:00-19:59,88492,72015,208039,219387,1.2958274559816925,2928
Outlier,Pedestrians,Daylight,12,12:00-12:59,20,20:00-20:59,44261,70162,136898,290528,1.3387828876389962,2928
Outlier,Pedestrians,Daylight,13,13:00-13:59,5,05:00-05:59,9323,5527,169815,251779,2.500976865803406,2928
Outlier,Pedestrians,Daylight,13,13:00-13:59,6,06:00-06:59,37262,6255,242217,179377,4.411649317222669,2928
Outlier,Pedestrians,Daylight,13,13:00-13:59,17,17:00-17:59,253692,35885,354162,67432,1.3460397988721213,2928
Outlier,Pedestrians,Daylight,13,13:00-13:59,18,18:00-18:59,157273,64553,266191,155403,1.4223411391034695,2928
Outlier,Pedestrians,Daylight,13,13:00-13:59,19,19:00-19:59,88492,72015,195585,226009,1.419944058964016,2928
Outlier,Pedestrians,Daylight,13,13:00-13:59,20,20:00-20:59,44261,70162,127735,293859,1.4512704268846324,2928
Outlier,Pedestrians,Daylight,14,14:00-14:59,5,05:00-05:59,9323,5527,186111,249908,2.2650319678787296,2928
Outlier,Pedestrians,Daylight,14,14:00-14:59,6,06:00-06:59,37262,6255,264087,171932,3.8783637554313586,2928
Outlier,Pedestrians,Daylight,14,14:00-14:59,17,17:00-17:59,253692,35885,371524,64495,1.2272498703384944,2928
Outlier,Pedestrians,Daylight,14,14:00-14:59,18,18:00-18:59,157273,64553,285328,150691,1.286709962458054,2928
Outlier,Pedestrians,Daylight,14,14:00-14:59,19,19:00-19:59,88492,72015,212479,223540,1.2927670624842076,2928
Outlier,Pedestrians,Daylight,14,14:00-14:59,20,20:00-20:59,44261,70162,142639,293380,1.2975122904068777,2928
Outlier,Cars,Dark,23,23:00-23:59,5,05:00-05:59,16553,29984,16965,33354,1.0853784794861394,2928
Outlier,Cars,Dark,23,23:00-23:59,6,06:00-06:59,63377,24427,26193,24126,2.3898003797842042,2928
Outlier,Cars,Dark,23,23:00-23:59,17,17:00-17:59,203771,40317,38437,11882,1.5624072027785911,2928
Outlier,Cars,Dark,23,23:00-23:59,18,18:00-18:59,127196,76229,29300,21019,1.1970096767432987,2928
Outlier,Cars,Dark,23,23:00-23:59,19,19:00-19:59,66725,90731,20095,30224,1.1061061702731945,2928
Outlier,Cars,Dark,23,23:00-23:59,20,20:00-20:59,34627,83247,12562,37757,1.2502157511411265,2928
Outlier,Cars,Dark,0,00:00-00:59,5,05:00-05:59,16553,29984,11943,26022,1.2028580695603794,2928
Outlier,Cars,Dark,0,00:00-00:59,6,06:00-06:59,63377,24427,18758,19207,2.656651272411497,2928
Outlier,Cars,Dark,0,00:00-00:59,17,17:00-17:59,203771,40317,28339,9626,1.7167833955740692,2928
Outlier,Cars,Dark,0,00:00-00:59,18,18:00-18:59,127196,76229,20941,17024,1.3564925886466588,2928
Outlier,Cars,Dark,0,00:00-00:59,19,19:00-19:59,66725,90731,14291,23674,1.2182653972515116,2928
Outlier,Cars,Dark,0,00:00-00:59,20,20:00-20:59,34627,83247,8467,29498,1.4491364715589974,2928
Outlier,Cars,Dark,1,01:00-01:59,5,05:00-05:59,16553,29984,9721,17880,1.0154153332622446,2928
Outlier,Cars,Dark,1,01:00-01:59,6,06:00-06:59,63377,24427,14769,12832,2.254264156707466,2928
Outlier,Cars,Dark,1,01:00-01:59,17,17:00-17:59,203771,40317,20630,6971,1.7078511749788967,2928
Outlier,Cars,Dark,1,01:00-01:59,18,18:00-18:59,127196,76229,16417,11184,1.136728088908863,2928
Outlier,Cars,Dark,1,01:00-01:59,19,19:00-19:59,66725,90731,11063,16538,1.0993676674070367,2928
Outlier,Cars,Dark,1,01:00-01:59,20,20:00-20:59,34627,83247,6982,20619,1.2283836561695003,2928
Outlier,Cars,Dark,2,02:00-02:59,5,05:00-05:59,16553,29984,8218,16238,1.0908211401397983,2928
Outlier,Cars,Dark,2,02:00-02:59,6,06:00-06:59,63377,24427,12574,11882,2.4517582045212536,2928
Outlier,Cars,Dark,2,02:00-02:59,17,17:00-17:59,203771,40317,17581,6875,1.976438461442565,2928
Outlier,Cars,Dark,2,02:00-02:59,18,18:00-18:59,127196,76229,13794,10662,1.2897385708024924,2928
Outlier,Cars,Dark,2,02:00-02:59,19,19:00-19:59,66725,90731,9141,15315,1.2321289934056134,2928
Outlier,Cars,Dark,2,02:00-02:59,20,20:00-20:59,34627,83247,5236,19220,1.5268628230089734,2928
Outlier,Cars,Daylight,9,09:00-09:59,5,05:00-05:59,16553,29984,70080,94904,0.7476142489084155,2928
Outlier,Cars,Daylight,9,09:00-09:59,6,06:00-06:59,63377,24427,98631,66353,1.7454550624221195,2928
Outlier,Cars,Daylight,9,09:00-09:59,17,17:00-17:59,203771,40317,140921,24063,0.863034630589632,2928
Outlier,Cars,Daylight,9,09:00-09:59,18,18:00-18:59,127196,76229,108202,56782,0.8756461217370874,2928
Outlier,Cars,Daylight,9,09:00-09:59,19,19:00-19:59,66725,90731,78976,86008,0.8008968768561558,2928
Outlier,Cars,Daylight,9,09:00-09:59,20,20:00-20:59,34627,83247,52913,112071,0.8810024924373674,2928
Outlier,Cars,Daylight,10,10:00-10:59,5,05:00-05:59,16553,29984,76588,99861,0.7198173791259552,2928
Outlier,Cars,Daylight,10,10:00-10:59,6,06:00-06:59,63377,24427,107301,69148,1.6720043352445184,2928
Outlier,Cars,Daylight,10,10:00-10:59,17,17:00-17:59,203771,40317,151456,24993,0.8340384538091938,2928
Outlier,Cars,Daylight,10,10:00-10:59,18,18:00-18:59,127196,76229,117041,59408,0.8469546165448592,2928
Outlier,Cars,Daylight,10,10:00-10:59,19,19:00-19:59,66725,90731,86512,89937,0.7645307003724744,2928
Outlier,Cars,Daylight,10,10:00-10:59,20,20:00-20:59,34627,83247,57682,118767,0.8564494831832559,2928
Outlier,Cars,Daylight,11,11:00-11:59,5,05:00-05:59,16553,29984,85520,109886,0.7093520340564721,2928
Outlier,Cars,Daylight,11,11:00-11:59,6,06:00-06:59,63377,24427,119229,76177,1.6576907309722817,2928
Outlier,Cars,Daylight,11,11:00-11:59,17,17:00-17:59,203771,40317,167371,28035,0.8465926966151064,2928
Outlier,Cars,Daylight,11,11:00-11:59,18,18:00-18:59,127196,76229,129928,65478,0.840902964834873,2928
Outlier,Cars,Daylight,11,11:00-11:59,19,19:00-19:59,66725,90731,96443,98963,0.7546316671207632,2928
Outlier,Cars,Daylight,11,11:00-11:59,20,20:00-20:59,34627,83247,64200,131206,0.8500900693866583,2928
Outlier,Cars,Daylight,12,12:00-12:59,5,05:00-05:59,16553,29984,85967,120068,0.7710501944362717,2928
Outlier,Cars,Daylight,12,12:00-12:59,6,06:00-06:59,63377,24427,120312,85723,1.8486298456806212,2928
Outlier,Cars,Daylight,12,12:00-12:59,17,17:00-17:59,203771,40317,173711,32324,0.9404851570102575,2928
Outlier,Cars,Daylight,12,12:00-12:59,18,18:00-18:59,127196,76229,132638,73397,0.9233440944816487,2928
Outlier,Cars,Daylight,12,12:00-12:59,19,19:00-19:59,66725,90731,97379,108656,0.8205806801439283,2928
Outlier,Cars,Daylight,12,12:00-12:59,20,20:00-20:59,34627,83247,64515,141520,0.9124380623962398,2928
Outlier,Cars,Daylight,13,13:00-13:59,5,05:00-05:59,16553,29984,93360,127222,0.7522955994982711,2928
Outlier,Cars,Daylight,13,13:00-13:59,6,06:00-06:59,63377,24427,131772,88810,1.748639473006368,2928
Outlier,Cars,Daylight,13,13:00-13:59,17,17:00-17:59,203771,40317,187434,33148,0.8938468721788951,2928
Outlier,Cars,Daylight,13,13:00-13:59,18,18:00-18:59,127196,76229,143563,77019,0.8951763129193184,2928
Outlier,Cars,Daylight,13,13:00-13:59,19,19:00-19:59,66725,90731,105832,114750,0.7973859437739623,2928
Outlier,Cars,Daylight,13,13:00-13:59,20,20:00-20:59,34627,83247,70202,150380,0.891018806717065,2928
Outlier,Cars,Daylight,14,14:00-14:59,5,05:00-05:59,16553,29984,105867,142361,0.7423651388133129,2928
Outlier,Cars,Daylight,14,14:00-14:59,6,06:00-06:59,63377,24427,150556,97672,1.6831916118079608,2928
Outlier,Cars,Daylight,14,14:00-14:59,17,17:00-17:59,203771,40317,212287,35941,0.8556988037388177,2928
Outlier,Cars,Daylight,14,14:00-14:59,18,18:00-18:59,127196,76229,163955,84273,0.8576636825062757,2928
Outlier,Cars,Daylight,14,14:00-14:59,19,19:00-19:59,66725,90731,119903,128325,0.7870713580827648,2928
Outlier,Cars,Daylight,14,14:00-14:59,20,20:00-20:59,34627,83247,80456,167772,0.8673758377206765,2928
Outlier,Cyclists,Dark,23,23:00-23:59,5,05:00-05:59,2510,7336,6962,10625,0.5221668759871251,2928
Outlier,Cyclists,Dark,23,23:00-23:59,6,06:00-06:59,9163,6390,10376,7211,0.9965574975596698,2928
Outlier,Cyclists,Dark,23,23:00-23:59,17,17:00-17:59,31035,6713,13334,4253,1.4745857560392397,2928
Outlier,Cyclists,Dark,23,23:00-23:59,18,18:00-18:59,17892,13850,10646,6941,0.842257134931811,2928
Outlier,Cyclists,Dark,23,23:00-23:59,19,19:00-19:59,11227,16312,7664,9923,0.8911360339890898,2928
Outlier,Cyclists,Dark,23,23:00-23:59,20,20:00-20:59,6235,20390,5364,12223,0.6968002127784901,2928
Outlier,Cyclists,Dark,0,00:00-00:59,5,05:00-05:59,2510,7336,5303,8451,0.5452565274980682,2928
Outlier,Cyclists,Dark,0,00:00-00:59,6,06:00-06:59,9163,6390,8192,5562,0.9735939563160313,2928
Outlier,Cyclists,Dark,0,00:00-00:59,17,17:00-17:59,31035,6713,10588,3166,1.3823947647718344,2928
Outlier,Cyclists,Dark,0,00:00-00:59,18,18:00-18:59,17892,13850,8195,5559,0.8763081125014958,2928
Outlier,Cyclists,Dark,0,00:00-00:59,19,19:00-19:59,11227,16312,5977,7777,0.8955407511530739,2928
Outlier,Cyclists,Dark,0,00:00-00:59,20,20:00-20:59,6235,20390,4062,9692,0.7296132602821797,2928
Outlier,Cyclists,Dark,1,01:00-01:59,5,05:00-05:59,2510,7336,4805,8382,0.5968547621129062,2928
Outlier,Cyclists,Dark,1,01:00-01:59,6,06:00-06:59,9163,6390,7688,5499,1.0256688675235643,2928
Outlier,Cyclists,Dark,1,01:00-01:59,17,17:00-17:59,31035,6713,10007,3180,1.4691235574991688,2928
Outlier,Cyclists,Dark,1,01:00-01:59,18,18:00-18:59,17892,13850,7693,5494,0.9225757580735031,2928
Outlier,Cyclists,Dark,1,01:00-01:59,19,19:00-19:59,11227,16312,5300,7887,1.0242181817760854,2928
Outlier,Cyclists,Dark,1,01:00-01:59,20,20:00-20:59,6235,20390,3782,9405,0.760425211807061,2928
Outlier,Cyclists,Dark,2,02:00-02:59,5,05:00-05:59,2510,7336,4775,8317,0.5959471187061042,2928
Outlier,Cyclists,Dark,2,02:00-02:59,6,06:00-06:59,9163,6390,7141,5951,1.1949995606056092,2928
Outlier,Cyclists,Dark,2,02:00-02:59,17,17:00-17:59,31035,6713,9483,3609,1.7594471821662938,2928
Outlier,Cyclists,Dark,2,02:00-02:59,18,18:00-18:59,17892,13850,7284,5808,1.0300677415709814,2928
Outlier,Cyclists,Dark,2,02:00-02:59,19,19:00-19:59,11227,16312,5168,7924,1.0553061564962678,2928
Outlier,Cyclists,Dark,2,02:00-02:59,20,20:00-20:59,6235,20390,3790,9302,0.7505097822021686,2928
Outlier,Cyclists,Daylight,9,09:00-09:59,5,05:00-05:59,2510,7336,7779,12681,0.5577558446300486,2928
Outlier,Cyclists,Daylight,9,09:00-09:59,6,06:00-06:59,9163,6390,11257,9203,1.1723130090641938,2928
Outlier,Cyclists,Daylight,9,09:00-09:59,17,17:00-17:59,31035,6713,17383,3077,0.8183477046459545,2928
Outlier,Cyclists,Daylight,9,09:00-09:59,18,18:00-18:59,17892,13850,12772,7688,0.777613122568462,2928
Outlier,Cyclists,Daylight,9,09:00-09:59,19,19:00-19:59,11227,16312,8965,11495,0.8825009703421348,2928
Outlier,Cyclists,Daylight,9,09:00-09:59,20,20:00-20:59,6235,20390,5962,14498,0.743593107829077,2928
Outlier,Cyclists,Daylight,10,10:00-10:59,5,05:00-05:59,2510,7336,8357,10026,0.41047971199100053,2928
Outlier,Cyclists,Daylight,10,10:00-10:59,6,06:00-06:59,9163,6390,11518,6865,0.8546736128604411,2928
Outlier,Cyclists,Daylight,10,10:00-10:59,17,17:00-17:59,31035,6713,16143,2240,0.641503269430576,2928
Outlier,Cyclists,Daylight,10,10:00-10:59,18,18:00-18:59,17892,13850,12564,5819,0.5983145242208724,2928
Outlier,Cyclists,Daylight,10,10:00-10:59,19,19:00-19:59,11227,16312,9375,9008,0.661322975314718,2928
Outlier,Cyclists,Daylight,10,10:00-10:59,20,20:00-20:59,6235,20390,6379,12004,0.5754301544709859,2928
Outlier,Cyclists,Daylight,11,11:00-11:59,5,05:00-05:59,2510,7336,8975,10505,0.4004755424465524,2928
Outlier,Cyclists,Daylight,11,11:00-11:59,6,06:00-06:59,9163,6390,12383,7097,0.8218371342305556,2928
Outlier,Cyclists,Daylight,11,11:00-11:59,17,17:00-17:59,31035,6713,17112,2368,0.6397584473743576,2928
Outlier,Cyclists,Daylight,11,11:00-11:59,18,18:00-18:59,17892,13850,13417,6063,0.5837693168508837,2928
Outlier,Cyclists,Daylight,11,11:00-11:59,19,19:00-19:59,11227,16312,10119,9361,0.636709249921058,2928
Outlier,Cyclists,Daylight,11,11:00-11:59,20,20:00-20:59,6235,20390,6877,12603,0.5603948609216652,2928
Outlier,Cyclists,Daylight,12,12:00-12:59,5,05:00-05:59,2510,7336,9029,11020,0.41759600985227613,2928
Outlier,Cyclists,Daylight,12,12:00-12:59,6,06:00-06:59,9163,6390,12346,7703,0.8946856128219554,2928
Outlier,Cyclists,Daylight,12,12:00-12:59,17,17:00-17:59,31035,6713,17444,2605,0.6903935926668598,2928
Outlier,Cyclists,Daylight,12,12:00-12:59,18,18:00-18:59,17892,13850,13413,6636,0.6391305379958024,2928
Outlier,Cyclists,Daylight,12,12:00-12:59,19,19:00-19:59,11227,16312,10172,9877,0.6683057721559179,2928
Outlier,Cyclists,Daylight,12,12:00-12:59,20,20:00-20:59,6235,20390,6967,13082,0.574179346013844,2928
Outlier,Cyclists,Daylight,13,13:00-13:59,5,05:00-05:59,2510,7336,9080,11263,0.424407093856241,2928
Outlier,Cyclists,Daylight,13,13:00-13:59,6,06:00-06:59,9163,6390,12477,7866,0.9040253220855949,2928
Outlier,Cyclists,Daylight,13,13:00-13:59,17,17:00-17:59,31035,6713,17668,2675,0.6999572211303557,2928
Outlier,Cyclists,Daylight,13,13:00-13:59,18,18:00-18:59,17892,13850,13549,6794,0.6477798220285454,2928
Outlier,Cyclists,Daylight,13,13:00-13:59,19,19:00-19:59,11227,16312,10237,10106,0.6794587573191386,2928
Outlier,Cyclists,Daylight,13,13:00-13:59,20,20:00-20:59,6235,20390,6913,13430,0.5940577798459014,2928
Outlier,Cyclists,Daylight,14,14:00-14:59,5,05:00-05:59,2510,7336,11858,12473,0.3598933940764522,2928
Outlier,Cyclists,Daylight,14,14:00-14:59,6,06:00-06:59,9163,6390,16261,8070,0.7116445263632412,2928
Outlier,Cyclists,Daylight,14,14:00-14:59,17,17:00-17:59,31035,6713,21710,2621,0.5581389101617855,2928
Outlier,Cyclists,Daylight,14,14:00-14:59,18,18:00-18:59,17892,13850,17256,7075,0.5296578681783618,2928
Outlier,Cyclists,Daylight,14,14:00-14:59,19,19:00-19:59,11227,16312,13272,11059,0.5735033973221645,2928
Outlier,Cyclists,Daylight,14,14:00-14:59,20,20:00-20:59,6235,20390,9067,15264,0.5147827358783762,2928
