Mode,control_type,control_hour,control_hour_label,case_hour,case_hour_label,A,B,C,D,R_odds,paired_rows
Pedestrians,Dark,23,23:00-23:59,5,05:00-05:59,124994,84927,108567,216620,2.9365952871454444,13542
Pedestrians,Dark,23,23:00-23:59,6,06:00-06:59,462758,110987,167101,158086,3.944538368685628,13542
Pedestrians,Dark,23,23:00-23:59,17,17:00-17:59,2156486,295902,263561,61626,1.704047024924829,13542
Pedestrians,Dark,23,23:00-23:59,18,18:00-18:59,1249607,564360,190676,134511,1.5619926761453555,13542
Pedestrians,Dark,23,23:00-23:59,19,19:00-19:59,678415,622258,130570,194617,1.6250335155928712,13542
Pedestrians,Dark,23,23:00-23:59,20,20:00-20:59,342378,587022,84995,240192,1.6482255159330341,13542
Pedestrians,Dark,0,00:00-00:59,5,05:00-05:59,124994,84927,65715,134441,3.0109989577354725,13542
Pedestrians,Dark,0,00:00-00:59,6,06:00-06:59,462758,110987,103125,97031,3.923090877790467,13542
Pedestrians,Dark,0,00:00-00:59,17,17:00-17:59,2156486,295902,158596,41560,1.9097743308136745,13542
Pedestrians,Dark,0,00:00-00:59,18,18:00-18:59,1249607,564360,115934,84222,1.6085403312847852,13542
Pedestrians,Dark,0,00:00-00:59,19,19:00-19:59,678415,622258,78485,121671,1.6901504596311743,13542
Pedestrians,Dark,0,00:00-00:59,20,20:00-20:59,342378,587022,50919,149237,1.7094173876608658,13542
Pedestrians,Dark,1,01:00-01:59,5,05:00-05:59,124994,84927,48419,97033,2.94949066746274,13542
Pedestrians,Dark,1,01:00-01:59,6,06:00-06:59,462758,110987,76211,69241,3.7881528492219645,13542
Pedestrians,Dark,1,01:00-01:59,17,17:00-17:59,2156486,295902,114172,31280,1.996668093462676,13542
Pedestrians,Dark,1,01:00-01:59,18,18:00-18:59,1249607,564360,84144,61308,1.613285460549455,13542
Pedestrians,Dark,1,01:00-01:59,19,19:00-19:59,678415,622258,57554,87898,1.6650544258911353,13542
Pedestrians,Dark,1,01:00-01:59,20,20:00-20:59,342378,587022,37390,108062,1.685656225844585,13542
Pedestrians,Dark,2,02:00-02:59,5,05:00-05:59,124994,84927,37495,77927,3.0588486055639796,13542
Pedestrians,Dark,2,02:00-02:59,6,06:00-06:59,462758,110987,58855,56567,4.007389959010322,13542
Pedestrians,Dark,2,02:00-02:59,17,17:00-17:59,2156486,295902,89681,25741,2.091817128348857,13542
Pedestrians,Dark,2,02:00-02:59,18,18:00-18:59,1249607,564360,65591,49831,1.6821804251584493,13542
Pedestrians,Dark,2,02:00-02:59,19,19:00-19:59,678415,622258,44682,70740,1.7260660250913982,13542
Pedestrians,Dark,2,02:00-02:59,20,20:00-20:59,342378,587022,29523,85899,1.6969892625679253,13542
Pedestrians,Daylight,9,09:00-09:59,5,05:00-05:59,124994,84927,660830,948897,2.1133562190308925,13542
Pedestrians,Daylight,9,09:00-09:59,6,06:00-06:59,462758,110987,966987,642740,2.7713827907437687,13542
Pedestrians,Daylight,9,09:00-09:59,17,17:00-17:59,2156486,295902,1391974,217753,1.1400706520729262,13542
Pedestrians,Daylight,9,09:00-09:59,18,18:00-18:59,1249607,564360,1057807,551920,1.155279108587462,13542
Pedestrians,Daylight,9,09:00-09:59,19,19:00-19:59,678415,622258,754708,855019,1.2351558652383476,13542
Pedestrians,Daylight,9,09:00-09:59,20,20:00-20:59,342378,587022,502968,1106759,1.2834063392579598,13542
Pedestrians,Daylight,10,10:00-10:59,5,05:00-05:59,124994,84927,799794,1013554,1.8651429945985163,13542
Pedestrians,Daylight,10,10:00-10:59,6,06:00-06:59,462758,110987,1143428,669920,2.4428451798232294,13542
Pedestrians,Daylight,10,10:00-10:59,17,17:00-17:59,2156486,295902,1586391,226957,1.0426344903502347,13542
Pedestrians,Daylight,10,10:00-10:59,18,18:00-18:59,1249607,564360,1235004,578344,1.0368957507498107,13542
Pedestrians,Daylight,10,10:00-10:59,19,19:00-19:59,678415,622258,909285,904063,1.0839858714207598,13542
Pedestrians,Daylight,10,10:00-10:59,20,20:00-20:59,342378,587022,605719,1207629,1.162823526347885,13542
Pedestrians,Daylight,11,11:00-11:59,5,05:00-05:59,124994,84927,1143377,1280244,1.6479600550520035,13542
Pedestrians,Daylight,11,11:00-11:59,6,06:00-06:59,462758,110987,1605006,818615,2.1265953548058927,13542
Pedestrians,Daylight,11,11:00-11:59,17,17:00-17:59,2156486,295902,2147300,276321,0.9378209069650096,13542
Pedestrians,Daylight,11,11:00-11:59,18,18:00-18:59,1249607,564360,1708909,714712,0.9260391795325107,13542
Pedestrians,Daylight,11,11:00-11:59,19,19:00-19:59,678415,622258,1289359,1134262,0.9591012997034846,13542
Pedestrians,Daylight,11,11:00-11:59,20,20:00-20:59,342378,587022,867128,1556493,1.0469246724640717,13542
Pedestrians,Daylight,12,12:00-12:59,5,05:00-05:59,124994,84927,1200852,1658247,2.0323716012185273,13542
Pedestrians,Daylight,12,12:00-12:59,6,06:00-06:59,462758,110987,1729663,1129436,2.722588175932467,13542
Pedestrians,Daylight,12,12:00-12:59,17,17:00-17:59,2156486,295902,2471694,387405,1.1422712884482484,13542
Pedestrians,Daylight,12,12:00-12:59,18,18:00-18:59,1249607,564360,1887221,971878,1.1402661062125452,13542
Pedestrians,Daylight,12,12:00-12:59,19,19:00-19:59,678415,622258,1371036,1488063,1.1833069432971937,13542
Pedestrians,Daylight,12,12:00-12:59,20,20:00-20:59,342378,587022,906090,1953009,1.2571421278874315,13542
Pedestrians,Daylight,13,13:00-13:59,5,05:00-05:59,124994,84927,986700,1637235,2.4421327922200944,13542
Pedestrians,Daylight,13,13:00-13:59,6,06:00-06:59,462758,110987,1453358,1170577,3.3582204662404207,13542
Pedestrians,Daylight,13,13:00-13:59,17,17:00-17:59,2156486,295902,2212376,411559,1.355725944483427,13542
Pedestrians,Daylight,13,13:00-13:59,18,18:00-18:59,1249607,564360,1621644,1002291,1.368533823986134,13542
Pedestrians,Daylight,13,13:00-13:59,19,19:00-19:59,678415,622258,1140412,1483523,1.4182652377650702,13542
Pedestrians,Daylight,13,13:00-13:59,20,20:00-20:59,342378,587022,740165,1883770,1.484399516856877,13542
Pedestrians,Daylight,14,14:00-14:59,5,05:00-05:59,124994,84927,1084444,1477465,2.0051804170797776,13542
Pedestrians,Daylight,14,14:00-14:59,6,06:00-06:59,462758,110987,1568054,993855,2.642675480587659,13542
Pedestrians,Daylight,14,14:00-14:59,17,17:00-17:59,2156486,295902,2211598,350311,1.154373447247108,13542
Pedestrians,Daylight,14,14:00-14:59,18,18:00-18:59,1249607,564360,1694810,867099,1.1328303924537946,13542
Pedestrians,Daylight,14,14:00-14:59,19,19:00-19:59,678415,622258,1233737,1328172,1.1736988629609617,13542
Pedestrians,Daylight,14,14:00-14:59,20,20:00-20:59,342378,587022,820716,1741193,1.2373868185144596,13542
Cyclists,Dark,23,23:00-23:59,5,05:00-05:59,53051,58383,33571,62579,1.693836582186614,13542
Cyclists,Dark,23,23:00-23:59,6,06:00-06:59,192960,64350,51009,45141,2.653646723799029,13542
Cyclists,Dark,23,23:00-23:59,17,17:00-17:59,483330,81538,73906,22244,1.7840905235815663,13542
Cyclists,Dark,23,23:00-23:59,18,18:00-18:59,253845,139233,55163,40987,1.3546424708056526,13542
Cyclists,Dark,23,23:00-23:59,19,19:00-19:59,136791,147848,38421,57729,1.3901684910254908,13542
Cyclists,Dark,23,23:00-23:59,20,20:00-20:59,72715,148139,25915,70235,1.3303226131265278,13542
Cyclists,Dark,0,00:00-00:59,5,05:00-05:59,53051,58383,22534,43595,1.757946116950325,13542
Cyclists,Dark,0,00:00-00:59,6,06:00-06:59,192960,64350,34990,31139,2.668575277252024,13542
Cyclists,Dark,0,00:00-00:59,17,17:00-17:59,483330,81538,48593,17536,2.139146470845627,13542
Cyclists,Dark,0,00:00-00:59,18,18:00-18:59,253845,139233,36381,29748,1.4907663226628425,13542
Cyclists,Dark,0,00:00-00:59,19,19:00-19:59,136791,147848,25361,40768,1.4872880985720356,13542
Cyclists,Dark,0,00:00-00:59,20,20:00-20:59,72715,148139,17540,48589,1.3597622242255156,13542
Cyclists,Dark,1,01:00-01:59,5,05:00-05:59,53051,58383,19049,35098,1.6742386179570847,13542
Cyclists,Dark,1,01:00-01:59,6,06:00-06:59,192960,64350,28242,25905,2.750469840335977,13542
Cyclists,Dark,1,01:00-01:59,17,17:00-17:59,483330,81538,38350,15797,2.441703622690863,13542
Cyclists,Dark,1,01:00-01:59,18,18:00-18:59,253845,139233,29371,24776,1.5379382264964705,13542
Cyclists,Dark,1,01:00-01:59,19,19:00-19:59,136791,147848,21030,33117,1.4569806560402112,13542
Cyclists,Dark,1,01:00-01:59,20,20:00-20:59,72715,148139,14330,39817,1.3638824609317228,13542
Cyclists,Dark,2,02:00-02:59,5,05:00-05:59,53051,58383,17568,35564,1.8394815918948384,13542
Cyclists,Dark,2,02:00-02:59,6,06:00-06:59,192960,64350,26519,26613,3.009230326218115,13542
Cyclists,Dark,2,02:00-02:59,17,17:00-17:59,483330,81538,36303,16829,2.7478909417567614,13542
Cyclists,Dark,2,02:00-02:59,18,18:00-18:59,253845,139233,27546,25586,1.6934418375427285,13542
Cyclists,Dark,2,02:00-02:59,19,19:00-19:59,136791,147848,19453,33679,1.6018235395303801,13542
Cyclists,Dark,2,02:00-02:59,20,20:00-20:59,72715,148139,12779,40353,1.5500066344410235,13542
Cyclists,Daylight,9,09:00-09:59,5,05:00-05:59,53051,58383,99877,186499,1.6967512811770535,13542
Cyclists,Daylight,9,09:00-09:59,6,06:00-06:59,192960,64350,148460,137916,2.785633237838518,13542
Cyclists,Daylight,9,09:00-09:59,17,17:00-17:59,483330,81538,237850,48526,1.2093584287521293,13542
Cyclists,Daylight,9,09:00-09:59,18,18:00-18:59,253845,139233,170196,116180,1.244538843189906,13542
Cyclists,Daylight,9,09:00-09:59,19,19:00-19:59,136791,147848,115811,170565,1.36264327544953,13542
Cyclists,Daylight,9,09:00-09:59,20,20:00-20:59,72715,148139,76558,209818,1.3452616550648568,13542
Cyclists,Daylight,10,10:00-10:59,5,05:00-05:59,53051,58383,100770,119128,1.0742114058763437,13542
Cyclists,Daylight,10,10:00-10:59,6,06:00-06:59,192960,64350,139148,80750,1.740140447128681,13542
Cyclists,Daylight,10,10:00-10:59,17,17:00-17:59,483330,81538,191710,28188,0.8715718466976751,13542
Cyclists,Daylight,10,10:00-10:59,18,18:00-18:59,253845,139233,150426,69472,0.8420023957282939,13542
Cyclists,Daylight,10,10:00-10:59,19,19:00-19:59,136791,147848,113551,106347,0.8665155292847112,13542
Cyclists,Daylight,10,10:00-10:59,20,20:00-20:59,72715,148139,77383,142515,0.904002464421799,13542
Cyclists,Daylight,11,11:00-11:59,5,05:00-05:59,53051,58383,122506,124491,0.9233955197883952,13542
Cyclists,Daylight,11,11:00-11:59,6,06:00-06:59,192960,64350,166833,80164,1.4408413354521081,13542
Cyclists,Daylight,11,11:00-11:59,17,17:00-17:59,483330,81538,219074,27923,0.7555356059546681,13542
Cyclists,Daylight,11,11:00-11:59,18,18:00-18:59,253845,139233,176857,70140,0.7230526803206918,13542
Cyclists,Daylight,11,11:00-11:59,19,19:00-19:59,136791,147848,137053,109944,0.7422070196456296,13542
Cyclists,Daylight,11,11:00-11:59,20,20:00-20:59,72715,148139,94010,152987,0.7987945176553937,13542
Cyclists,Daylight,12,12:00-12:59,5,05:00-05:59,53051,58383,127295,145274,1.0370118438059661,13542
Cyclists,Daylight,12,12:00-12:59,6,06:00-06:59,192960,64350,175249,97320,1.665195739273185,13542
Cyclists,Daylight,12,12:00-12:59,17,17:00-17:59,483330,81538,238824,33745,0.8375585227064778,13542
Cyclists,Daylight,12,12:00-12:59,18,18:00-18:59,253845,139233,188623,83946,0.8113939996902214,13542
Cyclists,Daylight,12,12:00-12:59,19,19:00-19:59,136791,147848,143611,128958,0.8308117942441299,13542
Cyclists,Daylight,12,12:00-12:59,20,20:00-20:59,72715,148139,97260,175309,0.8847580993817321,13542
Cyclists,Daylight,13,13:00-13:59,5,05:00-05:59,53051,58383,127927,152556,1.083613095660548,13542
Cyclists,Daylight,13,13:00-13:59,6,06:00-06:59,192960,64350,176518,103965,1.766106541007673,13542
Cyclists,Daylight,13,13:00-13:59,17,17:00-17:59,483330,81538,243997,36486,0.886391259376185,13542
Cyclists,Daylight,13,13:00-13:59,18,18:00-18:59,253845,139233,190284,90199,0.8642231252472723,13542
Cyclists,Daylight,13,13:00-13:59,19,19:00-19:59,136791,147848,143814,136669,0.8792470529888247,13542
Cyclists,Daylight,13,13:00-13:59,20,20:00-20:59,72715,148139,97848,182635,0.9161923381909031,13542
Cyclists,Daylight,14,14:00-14:59,5,05:00-05:59,53051,58383,152100,164146,0.9806369591681451,13542
Cyclists,Daylight,14,14:00-14:59,6,06:00-06:59,192960,64350,209795,106451,1.5215048856384359,13542
Cyclists,Daylight,14,14:00-14:59,17,17:00-17:59,483330,81538,279234,37012,0.7857021717788477,13542
Cyclists,Daylight,14,14:00-14:59,18,18:00-18:59,253845,139233,222462,93784,0.7685981721759823,13542
Cyclists,Daylight,14,14:00-14:59,19,19:00-19:59,136791,147848,170200,146046,0.7939116618865604,13542
Cyclists,Daylight,14,14:00-14:59,20,20:00-20:59,72715,148139,116911,199335,0.8369177619373721,13542
